'data/raw_data/sub-13/anat/sub-13_acq-flairpmcoff_rec-wre_run-02_FLAIR.nii', 0.9999943, 0.99900275, 0.9998299, 0.9513153, 0.999398, 0.99994195, 0.9999858, 0.9900928, 0.9972363, 0.99965465, 0.99985945, 0.9999511, 0.99990594, 0.99975604, 0.97277594, 0.9996939, 0.99972564, 0.9999883, 0.9999676, 0.9998282
'data/raw_data/sub-13/anat/sub-13_acq-mpragepmcoff_rec-wre_run-02_T1w.nii', 0.99965835, 0.99668026, 0.99747807, 0.8803026, 0.9942545, 0.9989661, 0.9986506, 0.8876457, 0.9729109, 0.9992773, 0.99961394, 0.9964695, 0.9997142, 0.99749964, 0.99839956, 0.9914415, 0.99641585, 0.99787223, 0.913667, 0.9777494
'data/raw_data/sub-13/anat/sub-13_acq-t2tsepmcoff_rec-wre_run-02_T2w.nii', 0.8031616, 0.9302863, 0.98172486, 0.93777263, 0.9468263, 0.5401343, 0.75135535, 0.94746125, 0.96152514, 0.9924028, 0.9347438, 0.8105106, 0.9835435, 0.99844474, 0.86059546, 0.9944101, 0.9838727, 0.94112897, 0.85482067, 0.9501123
'data/raw_data/sub-13/anat/sub-13_acq-mpragepmcoff_rec-wre_run-03_T1w.nii', 0.9997658, 0.8849642, 0.97825205, 0.9907781, 0.9993325, 0.96916616, 0.9911254, 0.9207211, 0.9987852, 0.9413096, 0.99456173, 0.9963297, 0.9681673, 0.9997174, 0.9935406, 0.99864227, 0.9506204, 0.98125196, 0.9991003, 0.9899525
'data/raw_data/sub-13/anat/sub-13_acq-t1tirmpmcoff_rec-wore_run-02_T1w.nii', 0.9769016, 0.99213564, 0.9870776, 0.96472, 0.9718493, 0.96024567, 0.9888889, 0.9741735, 0.9842704, 0.97903156, 0.94928217, 0.99268085, 0.95939815, 0.97314477, 0.9942509, 0.98619187, 0.95812386, 0.9960814, 0.99871016, 0.9941982
'data/raw_data/sub-13/anat/sub-13_acq-t1tirmpmcoff_rec-wre_run-02_T1w.nii', 0.9808616, 0.9741897, 0.98629355, 0.994935, 0.9811887, 0.9953564, 0.9675684, 0.9917748, 0.9955421, 0.99869543, 0.9255107, 0.99086434, 0.99915624, 0.9084764, 0.99900335, 0.99806815, 0.9313539, 0.9067823, 0.9682137, 0.9913123
'data/raw_data/sub-13/anat/sub-13_acq-t2starpmcoff_rec-wore_run-02_T2starw.nii', 0.9899995, 0.9937966, 0.9975274, 0.9983877, 0.99143314, 0.9966053, 0.9994184, 0.9950681, 0.99789643, 0.9976305, 0.9999304, 0.99563146, 0.99871266, 0.9997737, 0.97541136, 0.9997167, 0.99457246, 0.9962119, 0.99617493, 0.9773616
'data/raw_data/sub-13/anat/sub-13_acq-flairpmcoff_rec-wore_run-01_FLAIR.nii', 0.99996316, 0.99993944, 0.99903023, 0.9813095, 0.9999814, 0.99994385, 0.9999851, 0.9999399, 0.9998079, 0.9970092, 0.9979632, 0.99991167, 0.99999845, 0.9986749, 0.964899, 0.9978091, 0.9998784, 0.9998927, 0.9969812, 0.99999
'data/raw_data/sub-13/anat/sub-13_acq-t2starpmcoff_rec-wore_run-01_T2starw.nii', 0.99402666, 0.9942638, 0.96431845, 0.8993583, 0.97666806, 0.90355325, 0.46410283, 0.9866041, 0.9329467, 0.9820696, 0.9783465, 0.9388187, 0.7535919, 0.96076465, 0.9913017, 0.9303369, 0.9941195, 0.9241729, 0.52915967, 0.9792923
'data/raw_data/sub-13/anat/sub-13_acq-t1tirmpmcoff_rec-wore_run-01_T1w.nii', 0.997761, 0.9732376, 0.90053374, 0.93503183, 0.9883532, 0.88767314, 0.9891777, 0.91121835, 0.9971148, 0.9598498, 0.9671814, 0.98237014, 0.8703202, 0.85119295, 0.9843007, 0.9788972, 0.88704085, 0.9953779, 0.9488733, 0.83309156
'data/raw_data/sub-13/anat/sub-13_acq-mpragepmcoff_rec-wore_run-03_T1w.nii', 0.996393, 0.99569136, 0.92412657, 0.9977301, 0.9284101, 0.9875973, 0.9872477, 0.99735427, 0.9816544, 0.9740806, 0.9987936, 0.96414506, 0.99129945, 0.93022376, 0.99134314, 0.9853918, 0.9091287, 0.9824478, 0.94266754, 0.9588072
'data/raw_data/sub-13/anat/sub-13_acq-flairpmcoff_rec-wore_run-02_FLAIR.nii', 0.99998856, 0.9857077, 0.99987185, 0.9996774, 0.9995421, 0.9992163, 0.99894136, 0.9993963, 0.98657924, 0.9994721, 0.9976587, 0.99659204, 0.9965061, 0.99962807, 0.99984753, 0.99986005, 0.9985474, 0.96287185, 0.9999814, 0.97814846
'data/raw_data/sub-13/anat/sub-13_acq-t2tsepmcoff_rec-wore_run-02_T2w.nii', 0.9210453, 0.91988075, 0.92475337, 0.9503656, 0.95223826, 0.8190635, 0.9117294, 0.7470219, 0.99108195, 0.951624, 0.9926125, 0.8032127, 0.8168931, 0.9833788, 0.9825973, 0.58867663, 0.9710423, 0.9727548, 0.9820889, 0.9760992
'data/raw_data/sub-13/anat/sub-13_acq-mpragepmcoff_rec-wore_run-02_T1w.nii', 0.9717889, 0.99386156, 0.99393696, 0.9736572, 0.9811896, 0.99738604, 0.93389195, 0.94930565, 0.9778776, 0.6641624, 0.99317217, 0.99666876, 0.9418645, 0.8583911, 0.9151164, 0.9930686, 0.9725237, 0.7509475, 0.9013207, 0.96811354
'data/raw_data/sub-13/anat/sub-13_acq-mpragepmcoff_rec-wore_run-01_T1w.nii', 0.016641816, 0.53430617, 0.26731923, 0.9954112, 0.012040005, 0.99595946, 0.97592384, 0.9768768, 0.9993754, 0.91236305, 0.925075, 0.91034627, 0.7800278, 0.9132402, 0.8710805, 0.99854136, 0.2804015, 0.29748863, 0.9522025, 0.043762684
'data/raw_data/sub-13/anat/sub-13_acq-t2tsepmcoff_rec-wore_run-01_T2w.nii', 0.18191807, 0.5496385, 0.81477034, 0.82775676, 0.16153574, 0.9724407, 0.74696416, 0.9686074, 0.9426494, 0.80102336, 0.9825151, 0.9584153, 0.7772121, 0.98462003, 0.9498519, 0.60591227, 0.1927458, 0.96480846, 0.97814995, 0.37995344
'data/raw_data/sub-14/anat/sub-14_acq-t2starpmcoff_rec-wore_run-01_T2starw.nii', 0.9771863, 0.9464357, 0.9964946, 0.9353305, 0.9831844, 0.9605965, 0.95138025, 0.98478645, 0.5558904, 0.9859584, 0.6974905, 0.9957015, 0.86302996, 0.9399761, 0.9795563, 0.78804785, 0.7346881, 0.99193937, 0.97646797, 0.9958255
'data/raw_data/sub-14/anat/sub-14_acq-t1tirmpmcoff_rec-wore_run-01_T1w.nii', 0.9834632, 0.99118084, 0.9744048, 0.9965389, 0.9743965, 0.99095154, 0.98223007, 0.996381, 0.98388505, 0.97003204, 0.99110466, 0.99500024, 0.9893401, 0.9943566, 0.96722525, 0.9948972, 0.9973074, 0.99963355, 0.996433, 0.99225414
'data/raw_data/sub-14/anat/sub-14_acq-mpragepmcoff_rec-wre_run-02_T1w.nii', 0.0023645612, 0.0008837984, 0.005722585, 0.82585204, 0.20644686, 5.1327643e-06, 0.0008311087, 0.0007683724, 0.01723449, 0.005743683, 0.0005526751, 2.9038853e-07, 0.12743108, 0.00053974247, 0.0008389777, 1.3879876e-05, 0.00035092368, 0.0017622453, 0.00034702226, 0.008250748
'data/raw_data/sub-14/anat/sub-14_acq-t1tirmpmcoff_rec-wore_run-02_T1w.nii', 0.9929147, 0.98241216, 0.99281764, 0.9478623, 0.99899024, 0.99587494, 0.9968438, 0.98742384, 0.99711776, 0.9747097, 0.9946036, 0.99376464, 0.98726827, 0.988636, 0.99668497, 0.99170566, 0.9905725, 0.99470454, 0.99155045, 0.9987509
'data/raw_data/sub-14/anat/sub-14_acq-t1tirmpmcoff_rec-wre_run-02_T1w.nii', 0.9896674, 0.9946384, 0.9976998, 0.99674004, 0.9476975, 0.9973857, 0.9689103, 0.9906571, 0.9637974, 0.99028045, 0.9980034, 0.9876873, 0.99373347, 0.9630577, 0.9977969, 0.9813043, 0.991674, 0.9965552, 0.9986627, 0.9823714
'data/raw_data/sub-14/anat/sub-14_acq-mpragepmcoff_rec-wre_run-03_T1w.nii', 0.0004388223, 0.0023790132, 0.0050970246, 2.1859292e-05, 0.96039945, 0.25197974, 0.003350962, 0.008381896, 1.9195379e-05, 0.09980558, 0.00016029328, 0.022380505, 0.041355107, 0.04242147, 0.23592144, 0.004834881, 0.00039092256, 0.16158201, 0.07230554, 0.5651197
'data/raw_data/sub-14/anat/sub-14_acq-t2starpmcoff_rec-wore_run-02_T2starw.nii', 0.97435963, 0.9998977, 0.9743259, 0.98476195, 0.9940732, 0.988514, 0.9985318, 0.99518883, 0.9967024, 0.9659501, 0.99691963, 0.99284923, 0.9994985, 0.99992216, 0.9995161, 0.9992274, 0.93210274, 0.9990676, 0.886977, 0.98922276
'data/raw_data/sub-14/anat/sub-14_acq-mpragepmcoff_rec-wore_run-01_T1w.nii', 3.032121e-07, 4.093265e-09, 8.545167e-09, 6.753639e-08, 1.3356384e-08, 1.2771478e-06, 4.574173e-11, 1.9945984e-08, 7.632861e-08, 1.9054047e-13, 4.332719e-09, 1.8108536e-10, 2.481789e-06, 9.450838e-11, 1.6198506e-08, 6.1750782e-09, 5.0129e-07, 3.8981124e-08, 4.303452e-05, 2.1115942e-07
'data/raw_data/sub-14/anat/sub-14_acq-t2tsepmcoff_rec-wore_run-01_T2w.nii', 0.907049, 0.99441046, 0.9239306, 0.028203025, 0.9255277, 0.5309845, 0.80485415, 0.9966024, 0.9775587, 0.26193428, 0.89785117, 0.06481611, 0.21883348, 0.93646204, 0.9983339, 0.9503639, 0.9707974, 0.99958247, 0.9718694, 0.008083565
'data/raw_data/sub-14/anat/sub-14_acq-mpragepmcoff_rec-wore_run-02_T1w.nii', 0.36916065, 0.6794754, 0.76157504, 0.548229, 0.8579409, 0.89812607, 0.16475719, 0.90501523, 0.7521261, 0.9814933, 0.87260216, 0.75770265, 0.99251163, 0.91753745, 0.5202676, 0.92448974, 0.9546636, 0.7478999, 0.9838869, 0.35286146
'data/raw_data/sub-14/anat/sub-14_acq-t2tsepmcoff_rec-wre_run-02_T2w.nii', 0.9981863, 0.99930906, 0.9930823, 0.9736338, 0.9751847, 0.960783, 0.63316417, 0.9987011, 0.9188233, 0.99984074, 0.9932352, 0.99858296, 0.99964523, 0.9575866, 0.86717016, 0.9862627, 0.7190686, 0.99720746, 0.98323524, 0.9650685
'data/raw_data/sub-14/anat/sub-14_acq-t2tsepmcoff_rec-wore_run-02_T2w.nii', 0.99784756, 0.99291396, 0.9861921, 0.9942239, 0.985671, 0.9365689, 0.9941142, 0.97831696, 0.9941338, 0.9755145, 0.90599346, 0.9360209, 0.9881364, 0.9607827, 0.99749774, 0.9909593, 0.9511378, 0.99903464, 0.989808, 0.9970323
'data/raw_data/sub-14/anat/sub-14_acq-mpragepmcoff_rec-wore_run-03_T1w.nii', 0.013948095, 0.009446788, 0.20118484, 0.022772485, 0.44063437, 0.19392079, 0.033897903, 0.7714583, 0.00041721493, 0.035998527, 0.40650782, 0.062054437, 0.08439642, 0.006211783, 0.014529651, 0.9182629, 0.021436483, 0.33992246, 0.004810348, 0.2239305
'data/raw_data/sub-22/anat/sub-22_acq-t1tirmpmcoff_rec-wore_run-02_T1w.nii', 0.9890709, 0.9981875, 0.98829424, 0.99891233, 0.9768083, 0.99732435, 0.999213, 0.9980761, 0.9714801, 0.98944384, 0.9994124, 0.9843173, 0.9871056, 0.9895845, 0.99698, 0.98934036, 0.97999036, 0.9644049, 0.99365956, 0.999257
'data/raw_data/sub-22/anat/sub-22_acq-t1tirmpmcoff_rec-wre_run-02_T1w.nii', 0.9937903, 0.9985024, 0.9866348, 0.99731666, 0.98038036, 0.99658126, 0.9733339, 0.9829459, 0.8948111, 0.9902412, 0.9787319, 0.99818915, 0.9983677, 0.9960198, 0.9915496, 0.96024543, 0.9612101, 0.99928325, 0.974428, 0.9886479
'data/raw_data/sub-22/anat/sub-22_acq-t1tirmpmcoff_rec-wore_run-01_T1w.nii', 0.9970657, 0.9970188, 0.99501354, 0.99902415, 0.98009026, 0.83476144, 0.9959371, 0.99101955, 0.99971944, 0.9980083, 0.99706763, 0.9977925, 0.8721236, 0.97774726, 0.9963846, 0.995878, 0.9970143, 0.9941835, 0.9973803, 0.9711114
'data/raw_data/sub-22/anat/sub-22_acq-mpragepmcoff_rec-wre_run-03_T1w.nii', 0.9969607, 0.9714887, 0.98677665, 0.75859207, 0.98995364, 0.99661475, 0.96021533, 0.9196576, 0.68144083, 0.916304, 0.76482475, 0.6408496, 0.9923724, 0.868989, 0.9590475, 0.80114114, 0.972, 0.7686935, 0.98045224, 0.99614406
'data/raw_data/sub-22/anat/sub-22_acq-mpragepmcoff_rec-wre_run-02_T1w.nii', 0.96367157, 0.9794478, 0.9902255, 0.8305594, 0.8789289, 0.93328977, 0.99218965, 0.40166223, 0.9871344, 0.9727279, 0.97017944, 0.9790206, 0.9991153, 0.96170056, 0.9820103, 0.9698185, 0.9813007, 0.976398, 0.9855904, 0.81200993
'data/raw_data/sub-22/anat/sub-22_acq-t2tsepmcoff_rec-wore_run-01_T2w.nii', 0.69580925, 0.99054575, 0.7380479, 0.6891739, 0.9636821, 0.9769992, 0.99977297, 0.97951376, 0.80345803, 0.9270529, 0.9940625, 0.9949726, 0.33840394, 0.9889042, 0.75163215, 0.98886687, 0.9892063, 0.997264, 0.45048648, 0.988586
'data/raw_data/sub-22/anat/sub-22_acq-mpragepmcoff_rec-wore_run-02_T1w.nii', 0.8094849, 0.981898, 0.9668519, 0.9579208, 0.6010018, 0.5675112, 0.97067463, 0.8419308, 0.9967167, 0.99227375, 0.9880046, 0.70551866, 0.9938397, 0.9931579, 0.87957215, 0.25986016, 0.9239524, 0.95894367, 0.98416036, 0.7579149
'data/raw_data/sub-22/anat/sub-22_acq-mpragepmcoff_rec-wore_run-03_T1w.nii', 0.93937624, 0.9975775, 0.99419194, 0.9890379, 0.99516124, 0.9458344, 0.9831971, 0.99379456, 0.98472244, 0.99120444, 0.96517175, 0.9968516, 0.98640555, 0.9890454, 0.985468, 0.98094785, 0.99493307, 0.99476117, 0.97092384, 0.9416583
'data/raw_data/sub-22/anat/sub-22_acq-t2starpmcoff_rec-wore_run-02_T2starw.nii', 0.9999244, 0.99975675, 0.9990138, 0.9998864, 0.9999664, 0.99961156, 0.98164237, 0.9924454, 0.99999225, 0.99880314, 0.999524, 0.9999796, 0.9998493, 0.9984316, 0.999529, 0.99879336, 0.99997747, 0.9996296, 0.99980015, 0.99483746
'data/raw_data/sub-22/anat/sub-22_acq-mpragepmcoff_rec-wore_run-01_T1w.nii', 0.12946643, 0.26902747, 0.5142364, 0.94310683, 0.9999436, 0.8480341, 0.15429838, 0.5067755, 0.804757, 0.9959337, 0.9591011, 0.029726628, 0.0888951, 0.23981753, 0.027885137, 0.75912726, 0.8550328, 0.054059964, 0.8289751, 0.5099654
'data/raw_data/sub-22/anat/sub-22_acq-t2starpmcoff_rec-wore_run-01_T2starw.nii', 0.9816019, 0.99805886, 0.96894246, 0.9986066, 0.9920001, 0.9965502, 0.99969995, 0.99865735, 0.9975731, 0.9985257, 0.9983557, 0.9960847, 0.99990034, 0.998841, 0.9986241, 0.9577821, 0.9986041, 0.99843913, 0.99825543, 0.9982589
'data/raw_data/sub-22/anat/sub-22_acq-t2tsepmcoff_rec-wre_run-02_T2w.nii', 0.992242, 0.9984523, 0.99109054, 0.9595624, 0.892241, 0.95652896, 0.983306, 0.999428, 0.99400383, 0.9976895, 0.9942211, 0.9987556, 0.86517304, 0.9942086, 0.99403137, 0.9876659, 0.9930276, 0.9971348, 0.9912445, 0.9984503
'data/raw_data/sub-22/anat/sub-22_acq-t2tsepmcoff_rec-wore_run-02_T2w.nii', 0.99989307, 0.98343074, 0.99065197, 0.99934167, 0.9870064, 0.9853741, 0.9968514, 0.9451808, 0.98949945, 0.65769976, 0.99450606, 0.75593805, 0.99108374, 0.9899928, 0.9587354, 0.99122846, 0.99987996, 0.9975079, 0.99739254, 0.9893505
'data/raw_data/sub-15/anat/sub-15_acq-mpragepmcoff_rec-wore_run-01_T1w.nii', 0.03151132, 6.868718e-05, 0.5853823, 5.3418844e-05, 2.7243416e-06, 0.00040803384, 0.0035463064, 0.002103339, 0.0027810344, 1.3591767e-05, 0.0017369236, 8.9588815e-05, 0.21641755, 0.0001413837, 4.0777788e-05, 0.004834023, 0.0038770589, 0.008118305, 0.0052866694, 0.00024018099
'data/raw_data/sub-15/anat/sub-15_acq-t2tsepmcoff_rec-wre_run-02_T2w.nii', 0.8037667, 0.9130005, 0.9473751, 0.71125895, 0.9628072, 0.5383285, 0.7464345, 0.90376717, 0.9682018, 0.7955528, 0.9567738, 0.99054164, 0.9720834, 0.95303077, 0.8736964, 0.5756617, 0.9180627, 0.99819225, 0.98034406, 0.98157275
'data/raw_data/sub-15/anat/sub-15_acq-mpragepmcoff_rec-wore_run-03_T1w.nii', 0.9567045, 0.9670177, 0.90936625, 0.9867339, 0.9760281, 0.9945702, 0.94025224, 0.98175895, 0.93169135, 0.9336657, 0.967639, 0.99834, 0.9762631, 0.99323785, 0.9969909, 0.99137986, 0.96841586, 0.98611385, 0.84656525, 0.9219145
'data/raw_data/sub-15/anat/sub-15_acq-mpragepmcoff_rec-wre_run-02_T1w.nii', 0.027193863, 0.42308372, 0.84384584, 0.79260284, 0.9822934, 0.9805118, 0.98252296, 0.9917755, 0.59297127, 0.9983108, 0.9935655, 0.99884135, 0.9615333, 0.9956256, 0.9730198, 0.8258356, 0.9924638, 0.72007775, 0.8798563, 0.742641
'data/raw_data/sub-15/anat/sub-15_acq-mpragepmcoff_rec-wre_run-03_T1w.nii', 0.97839636, 0.97639865, 0.8877904, 0.9767054, 0.93128556, 0.99894625, 0.9933428, 0.9460007, 0.8842935, 0.8593118, 0.9504349, 0.9870864, 0.98138416, 0.97338074, 0.8901476, 0.9555216, 0.910588, 0.92450315, 0.8519375, 0.83391196
'data/raw_data/sub-15/anat/sub-15_acq-flairpmcoff_rec-wore_run-01_FLAIR.nii', 0.9999461, 0.99987257, 0.9791461, 0.9999968, 1.0, 0.99999785, 0.99998844, 0.99984086, 0.99934906, 0.9999478, 0.99998665, 0.99999404, 0.99796, 0.9888615, 0.9993093, 0.9999815, 0.99995434, 0.99999416, 0.9999882, 0.9999926
'data/raw_data/sub-15/anat/sub-15_acq-mpragepmcoff_rec-wore_run-02_T1w.nii', 0.98029387, 0.57994753, 0.9978411, 0.8597415, 0.5339296, 0.98453724, 0.79985607, 0.8435138, 0.9845797, 0.18857467, 0.92800826, 0.99728537, 0.415995, 0.991886, 0.9571606, 0.67443526, 0.99912435, 0.67262256, 0.92989635, 0.8990124
'data/raw_data/sub-15/anat/sub-15_acq-t1tirmpmcoff_rec-wre_run-02_T1w.nii', 0.96302074, 0.9859616, 0.9958768, 0.98302585, 0.9945905, 0.9926473, 0.99653447, 0.9709052, 0.9845414, 0.9917611, 0.98147315, 0.980427, 0.9900068, 0.9650164, 0.96933025, 0.99407804, 0.97708625, 0.9843323, 0.9698666, 0.99718225
'data/raw_data/sub-15/anat/sub-15_acq-t2starpmcoff_rec-wore_run-02_T2starw.nii', 0.99963975, 0.9958554, 0.9999726, 0.9987801, 0.99983, 0.9995999, 0.99236476, 0.99950445, 0.99940336, 0.99898237, 0.99858934, 0.9999424, 0.9682478, 0.9995813, 0.9976981, 0.99999356, 0.9993716, 0.9966756, 0.99930537, 0.97561854
'data/raw_data/sub-15/anat/sub-15_acq-t1tirmpmcoff_rec-wore_run-01_T1w.nii', 0.8910157, 0.9462508, 0.9249465, 0.9786195, 0.96593237, 0.9400151, 0.9001979, 0.8719967, 0.99592674, 0.9735242, 0.9868982, 0.8699658, 0.957034, 0.8507562, 0.9800949, 0.9841457, 0.92169154, 0.96212554, 0.97768205, 0.9009909
'data/raw_data/sub-15/anat/sub-15_acq-t2tsepmcoff_rec-wore_run-01_T2w.nii', 0.8439123, 0.98296565, 0.8592642, 0.052049566, 0.9869326, 0.4556033, 0.87445515, 0.96014285, 0.9673926, 0.99923027, 0.18683006, 0.9797615, 0.9981489, 0.8895604, 0.9894638, 0.96669185, 0.98589617, 0.6240474, 0.75488204, 0.6696682
'data/raw_data/sub-15/anat/sub-15_acq-flairpmcoff_rec-wore_run-02_FLAIR.nii', 0.9843812, 0.9992993, 0.99954957, 0.999169, 0.97805846, 0.99862814, 0.99998546, 0.9989442, 0.99999034, 0.9995989, 0.99999833, 0.99927646, 0.9999801, 0.9999964, 0.9999701, 0.999848, 0.99902236, 0.98886824, 0.99913377, 0.9996743
'data/raw_data/sub-15/anat/sub-15_acq-flairpmcoff_rec-wre_run-02_FLAIR.nii', 0.99995387, 0.99985445, 0.9932122, 0.99986863, 0.999985, 0.99897647, 0.9999893, 0.99352264, 0.99999917, 0.99995375, 0.99988115, 0.99342537, 0.9991153, 0.99987483, 0.99936146, 0.99982953, 0.9943727, 0.99999785, 0.9993529, 0.99927217
'data/raw_data/sub-15/anat/sub-15_acq-t2starpmcoff_rec-wore_run-01_T2starw.nii', 0.9901985, 0.9939394, 0.998757, 0.9988305, 0.99980587, 0.9990226, 0.98965925, 0.98231024, 0.9990827, 0.89604115, 0.99899095, 0.99978036, 0.99016565, 0.99921036, 0.99516344, 0.9798177, 0.9998165, 0.99384487, 0.9985043, 0.9975218
'data/raw_data/sub-15/anat/sub-15_acq-t2tsepmcoff_rec-wore_run-02_T2w.nii', 0.7611573, 0.98948634, 0.81949425, 0.98173094, 0.97075987, 0.9637127, 0.7439316, 0.9874335, 0.9256012, 0.84918255, 0.5809226, 0.9466474, 0.98366976, 0.9749614, 0.9636217, 0.8965572, 0.88243735, 0.9663644, 0.9923469, 0.6756582
'data/raw_data/sub-15/anat/sub-15_acq-t1tirmpmcoff_rec-wore_run-02_T1w.nii', 0.9970176, 0.99333537, 0.98053074, 0.9866475, 0.7766963, 0.981351, 0.9764475, 0.9003073, 0.9765304, 0.99285394, 0.9635226, 0.99829084, 0.9674946, 0.97213745, 0.93942744, 0.99527174, 0.9255915, 0.9633357, 0.9210092, 0.9905432
'data/raw_data/sub-12/anat/sub-12_acq-mpragepmcoff_rec-wre_run-02_T1w.nii', 0.99026805, 0.59848696, 0.92966807, 0.7670163, 0.80914384, 0.9857963, 0.9975975, 0.9822629, 0.6308704, 0.42005214, 0.9547226, 0.58420557, 0.9403185, 0.9372268, 0.88704556, 0.9941327, 0.7815686, 0.9962004, 0.9956625, 0.66481036
'data/raw_data/sub-12/anat/sub-12_acq-mpragepmcoff_rec-wore_run-02_T1w.nii', 0.9945886, 0.9690035, 0.998466, 0.5799829, 0.92848194, 0.92949396, 0.9862714, 0.9207859, 0.9870077, 0.99221206, 0.9444743, 0.87457967, 0.98213136, 0.8917664, 0.8451903, 0.740912, 0.9883691, 0.9931235, 0.9732328, 0.9949673
'data/raw_data/sub-12/anat/sub-12_acq-t1tirmpmcoff_rec-wre_run-02_T1w.nii', 0.9911712, 0.9516271, 0.98786014, 0.98792446, 0.8926892, 0.9943183, 0.9849653, 0.9724672, 0.9815477, 0.9718978, 0.98199975, 0.98205525, 0.98055226, 0.93122554, 0.98606133, 0.9899498, 0.9634841, 0.9593841, 0.97463554, 0.9980774
'data/raw_data/sub-12/anat/sub-12_acq-mpragepmcoff_rec-wre_run-03_T1w.nii', 0.6064359, 0.7013064, 0.7540842, 0.83557546, 0.97568613, 0.9210298, 0.6857297, 0.99419844, 0.7745565, 0.9519163, 0.87560904, 0.9615664, 0.039317552, 0.7529313, 0.6068558, 0.78370136, 0.99052256, 0.91082704, 0.6470852, 0.98772275
'data/raw_data/sub-12/anat/sub-12_acq-mpragepmcoff_rec-wore_run-03_T1w.nii', 0.9840846, 0.9911671, 0.9836179, 0.9872716, 0.95671725, 0.99570024, 0.98928565, 0.9681248, 0.97386056, 0.9962186, 0.99365246, 0.99790204, 0.9848705, 0.9968002, 0.95804, 0.9856322, 0.977965, 0.96921647, 0.9159884, 0.97777677
'data/raw_data/sub-12/anat/sub-12_acq-flairpmcoff_rec-wore_run-01_FLAIR.nii', 0.99995327, 0.99897516, 0.9997844, 0.9982679, 0.99919206, 0.9824102, 0.996378, 0.9907032, 0.9994667, 0.999418, 0.9979317, 0.99946374, 0.99892706, 0.99996257, 0.9997156, 0.99991965, 0.9332428, 0.9998919, 0.9985507, 0.99822587
'data/raw_data/sub-12/anat/sub-12_acq-mpragepmcoff_rec-wore_run-01_T1w.nii', 0.005286863, 0.0060708406, 0.03411336, 0.31849784, 0.25055578, 0.083571345, 0.008888991, 0.014510314, 0.62771297, 0.6069842, 0.010339745, 0.48108283, 0.3706107, 0.28802925, 0.46599698, 0.32081404, 0.6318315, 0.03868332, 0.0013509162, 0.19723408
'data/raw_data/sub-12/anat/sub-12_acq-t1tirmpmcoff_rec-wore_run-02_T1w.nii', 0.97947854, 0.98588866, 0.9883273, 0.99041677, 0.9908318, 0.9899502, 0.9810987, 0.9935091, 0.95163506, 0.9940122, 0.9879611, 0.98654246, 0.9911584, 0.9624947, 0.996166, 0.98547924, 0.99812704, 0.9854065, 0.8929313, 0.98981255
'data/raw_data/sub-12/anat/sub-12_acq-flairpmcoff_rec-wore_run-02_FLAIR.nii', 0.99314487, 0.9892988, 0.99361885, 0.9996598, 0.97420406, 0.9971425, 0.9875586, 0.99887246, 0.9991468, 0.98112845, 0.93553215, 0.9979571, 0.9983304, 0.97501343, 0.9989874, 0.9984737, 0.9986785, 0.98626673, 0.99832875, 0.9920974
'data/raw_data/sub-12/anat/sub-12_acq-flairpmcoff_rec-wre_run-02_FLAIR.nii', 0.99545836, 0.9970968, 0.9999757, 0.99745256, 0.99960345, 0.99942243, 0.99953175, 0.96515125, 0.99603856, 0.9998808, 0.9991697, 0.9999429, 0.9980034, 0.9942404, 0.99828583, 0.9953597, 0.99998236, 0.99416816, 0.99983144, 0.9987859
'data/raw_data/sub-12/anat/sub-12_acq-t2starpmcoff_rec-wore_run-01_T2starw.nii', 0.99697113, 0.9980708, 0.9930224, 0.98855406, 0.9927055, 0.99577856, 0.9771672, 0.976695, 0.99929905, 0.98829144, 0.9917978, 0.9927555, 0.98787117, 0.9319353, 0.9885295, 0.99854124, 0.99444735, 0.9972042, 0.9984314, 0.993622
'data/raw_data/sub-12/anat/sub-12_acq-t2tsepmcoff_rec-wore_run-02_T2w.nii', 0.7377828, 0.6158012, 0.9291422, 0.8405682, 0.16531526, 0.99637765, 0.85598004, 0.93078125, 0.64592737, 0.015672311, 0.3716882, 0.13445431, 0.003877608, 0.39181665, 0.54703486, 0.2717537, 0.9573746, 0.6018163, 0.9922511, 0.54519707
'data/raw_data/sub-12/anat/sub-12_acq-t1tirmpmcoff_rec-wore_run-01_T1w.nii', 0.9887664, 0.9674063, 0.98706806, 0.87760276, 0.9489087, 0.9772273, 0.9823216, 0.9776225, 0.9873077, 0.96719825, 0.9926461, 0.84722126, 0.9508537, 0.9637016, 0.71611345, 0.8829443, 0.91977024, 0.960005, 0.9667819, 0.98930347
'data/raw_data/sub-12/anat/sub-12_acq-t2starpmcoff_rec-wore_run-02_T2starw.nii', 0.9993666, 0.9141284, 0.99988425, 0.99961996, 0.97804844, 0.9998636, 0.98751706, 0.99333924, 0.9918459, 0.98119825, 0.999824, 0.9942462, 0.9951807, 0.99925536, 0.9997495, 0.9974082, 0.9906391, 0.9993019, 0.9927759, 0.9993668
'data/raw_data/sub-12/anat/sub-12_acq-t2tsepmcoff_rec-wore_run-01_T2w.nii', 0.8940013, 0.54916954, 0.9153463, 0.9987425, 0.98652124, 0.97959846, 0.9838573, 0.6538145, 0.85392827, 0.72300506, 0.7875963, 0.9746763, 0.46603125, 0.190309, 0.8992177, 0.6213508, 0.081167, 0.57116514, 0.0073552276, 0.724311
'data/raw_data/sub-12/anat/sub-12_acq-t2tsepmcoff_rec-wre_run-02_T2w.nii', 0.9331435, 0.96656334, 0.60539323, 0.6837878, 0.13882953, 0.9847547, 0.36696595, 0.28905785, 0.14020902, 0.92148453, 0.13423125, 0.8621139, 0.9641258, 0.28151008, 0.33723694, 0.5719176, 0.46933997, 0.6764671, 0.77770513, 0.26644957
'data/raw_data/sub-08/anat/sub-08_acq-t1tirmpmcoff_rec-wore_run-01_T1w.nii', 0.99889827, 0.988931, 0.9909561, 0.9941327, 0.99452895, 0.96234167, 0.97402805, 0.9797062, 0.9939628, 0.9909458, 0.996775, 0.9642897, 0.97480667, 0.99530315, 0.98129785, 0.854341, 0.98699933, 0.9643653, 0.99026793, 0.96161973
'data/raw_data/sub-08/anat/sub-08_acq-t2tsepmcoff_rec-wore_run-01_T2w.nii', 0.64700013, 0.9837805, 0.98619044, 0.8744269, 0.71089965, 0.6302084, 0.84928674, 0.916214, 0.6173015, 0.94801563, 0.450496, 0.9367869, 0.9072428, 0.9536513, 0.99767727, 0.8722509, 0.8021549, 0.96262026, 0.73717064, 0.99557173
'data/raw_data/sub-08/anat/sub-08_acq-t1tirmpmcoff_rec-wore_run-02_T1w.nii', 0.99753916, 0.99380094, 0.9814926, 0.98907185, 0.9874801, 0.90613604, 0.99692094, 0.9757835, 0.9495195, 0.9947042, 0.9762221, 0.9573161, 0.87854356, 0.99295956, 0.96493363, 0.974665, 0.9978879, 0.98819155, 0.9548942, 0.9941246
'data/raw_data/sub-08/anat/sub-08_acq-t2tsepmcoff_rec-wore_run-02_T2w.nii', 0.993701, 0.9847565, 0.98045105, 0.96670735, 0.9968485, 0.9837516, 0.9634726, 0.9864342, 0.94715273, 0.9645411, 0.92191035, 0.9646579, 0.9083342, 0.9594891, 0.95031446, 0.9890859, 0.9528937, 0.9876693, 0.9764454, 0.97141784
'data/raw_data/sub-08/anat/sub-08_acq-t2tsepmcoff_rec-wre_run-02_T2w.nii', 0.74035466, 0.8828634, 0.92227376, 0.9788537, 0.96968585, 0.96235293, 0.9955023, 0.9735561, 0.99725074, 0.98311836, 0.96914625, 0.98602223, 0.98793346, 0.9837622, 0.8454049, 0.9961475, 0.7449046, 0.95673245, 0.9965642, 0.9946759
'data/raw_data/sub-08/anat/sub-08_acq-mpragepmcoff_rec-wore_run-01_T1w.nii', 0.022995329, 0.16144961, 0.2396797, 0.5774757, 0.092489354, 0.9306678, 0.1452957, 0.5294364, 0.083876096, 0.1782824, 0.2369393, 0.09907748, 0.018564343, 0.26501694, 0.57556784, 0.16295941, 0.00920382, 0.17049795, 0.8365088, 0.5905669
'data/raw_data/sub-08/anat/sub-08_acq-t2starpmcoff_rec-wore_run-02_T2starw.nii', 0.9883249, 0.96912664, 0.98469156, 0.9869408, 0.9949647, 0.98970324, 0.97353655, 0.9951983, 0.98814744, 0.988027, 0.9815592, 0.92136294, 0.98972535, 0.9826726, 0.99566454, 0.9618211, 0.8659813, 0.95035404, 0.98766834, 0.9016089
'data/raw_data/sub-08/anat/sub-08_acq-t2starpmcoff_rec-wore_run-01_T2starw.nii', 0.98862165, 0.9733744, 0.99390054, 0.9895878, 0.84555316, 0.7787064, 0.9605819, 0.98205435, 0.93487966, 0.95334584, 0.9372538, 0.96132076, 0.99040705, 0.97195494, 0.9994081, 0.99443346, 0.9909656, 0.9616408, 0.95582056, 0.9859803
'data/raw_data/sub-08/anat/sub-08_acq-mpragepmcoff_rec-wore_run-03_T1w.nii', 0.9868166, 0.9943342, 0.99187016, 0.9981862, 0.9956838, 0.99805766, 0.98548466, 0.89077234, 0.99757344, 0.9942577, 0.98784316, 0.9881116, 0.9643346, 0.98316205, 0.9542658, 0.91239154, 0.9903564, 0.9697137, 0.9929322, 0.96974844
'data/raw_data/sub-08/anat/sub-08_acq-mpragepmcoff_rec-wre_run-02_T1w.nii', 0.8108721, 0.8254608, 0.89961916, 0.952953, 0.83420914, 0.8422007, 0.91827255, 0.8183825, 0.83430314, 0.8608032, 0.97199, 0.846798, 0.9196094, 0.8669206, 0.8841306, 0.92140645, 0.9453333, 0.9441603, 0.8460444, 0.7005864
'data/raw_data/sub-08/anat/sub-08_acq-t1tirmpmcoff_rec-wre_run-02_T1w.nii', 0.9897412, 0.98902345, 0.992786, 0.99195695, 0.9895147, 0.9937419, 0.9758631, 0.99682593, 0.9746402, 0.98642135, 0.98850495, 0.98807585, 0.99560285, 0.97632515, 0.9471563, 0.9987178, 0.99893206, 0.9996549, 0.9931804, 0.9490605
'data/raw_data/sub-08/anat/sub-08_acq-mpragepmcoff_rec-wore_run-02_T1w.nii', 0.96533835, 0.53327096, 0.70559984, 0.4992782, 0.99125916, 0.61707675, 0.68370575, 0.9258474, 0.9326284, 0.75970864, 0.9525285, 0.85200226, 0.98826736, 0.7616567, 0.7306448, 0.96643096, 0.78707844, 0.599325, 0.93912697, 0.9406898
'data/raw_data/sub-08/anat/sub-08_acq-mpragepmcoff_rec-wre_run-03_T1w.nii', 0.8922827, 0.9125591, 0.92051005, 0.99370724, 0.938704, 0.9851429, 0.9437379, 0.9940228, 0.95799583, 0.94443846, 0.9822365, 0.9129623, 0.9780281, 0.9806573, 0.99243486, 0.99782014, 0.96823364, 0.76186395, 0.96747065, 0.99435717
'data/raw_data/sub-01/anat/sub-01_acq-t2starpmcoff_rec-wore_run-01_T2starw.nii', 0.8215625, 0.9725987, 0.98812187, 0.9912208, 0.87885964, 0.9945463, 0.8812173, 0.7948615, 0.986024, 0.98942333, 0.95131594, 0.99215746, 0.9756585, 0.8513068, 0.94306844, 0.65668195, 0.9936963, 0.95617515, 0.9961653, 0.94236773
'data/raw_data/sub-01/anat/sub-01_acq-t2tsepmcoff_rec-wore_run-02_T2w.nii', 0.4540972, 0.17865999, 0.0035462421, 0.024596347, 0.25354478, 0.024046123, 0.006651325, 0.017413352, 0.2672817, 0.025244461, 0.081624605, 0.024444845, 0.7407684, 0.065793835, 0.00011176141, 5.3019532e-05, 0.054326028, 0.30197227, 0.03701265, 0.03344608
'data/raw_data/sub-01/anat/sub-01_acq-mpragepmcoff_rec-wore_run-01_T1w.nii', 0.0064926674, 0.5792049, 0.6777653, 0.90886545, 0.37264684, 0.9475528, 0.74371487, 0.14237913, 0.9905229, 0.36941108, 0.9188339, 0.124500565, 0.02616134, 0.6301761, 0.42041072, 0.94836885, 0.8205091, 0.27256885, 0.10240925, 0.93079764
'data/raw_data/sub-01/anat/sub-01_acq-mpragepmcoff_rec-wore_run-03_T1w.nii', 0.47595465, 0.78079206, 0.96043265, 0.8923022, 0.9854739, 0.9892496, 0.96109354, 0.9659168, 0.9687188, 0.9485191, 0.99238247, 0.69262403, 0.60338414, 0.9915236, 0.97207785, 0.8066628, 0.96097517, 0.9869888, 0.93762916, 0.542393
'data/raw_data/sub-01/anat/sub-01_acq-mpragepmcoff_rec-wore_run-02_T1w.nii', 0.97778815, 0.9060605, 0.9754959, 0.9408719, 0.97593975, 0.3808607, 0.9066888, 0.8591449, 0.7480735, 0.99233764, 0.90591264, 0.99562764, 0.35762691, 0.16950552, 0.95895934, 0.12735942, 0.9783835, 0.8853184, 0.7016693, 0.9888049
'data/raw_data/sub-01/anat/sub-01_acq-t2tsepmcoff_rec-wore_run-01_T2w.nii', 0.00227585, 0.16565172, 0.01264988, 0.883638, 0.032383613, 0.7856129, 0.10020574, 0.0030614107, 0.75947624, 0.0002723254, 0.21594839, 0.9626238, 0.00060677767, 0.0028965576, 0.9873182, 0.0072680055, 0.9980463, 0.90224594, 0.074198514, 0.036728874
'data/raw_data/sub-01/anat/sub-01_acq-t2starpmcoff_rec-wore_run-02_T2starw.nii', 0.9974353, 0.99411446, 0.98825675, 0.992031, 0.99829394, 0.9957526, 0.96251965, 0.98883027, 0.9701582, 0.9977804, 0.95263714, 0.99801105, 0.99312794, 0.99096185, 0.9935499, 0.99156404, 0.99904126, 0.99838626, 0.9999391, 0.9696555
'data/raw_data/sub-01/anat/sub-01_acq-mpragepmcoff_rec-wre_run-02_T1w.nii', 0.6790199, 0.90839183, 0.8493479, 0.75623727, 0.8055677, 0.976033, 0.39111468, 0.47522625, 0.96905893, 0.986482, 0.99317694, 0.78766334, 0.96139205, 0.88776344, 0.8646928, 0.9261289, 0.7658446, 0.47958165, 0.9826972, 0.49584866
'data/raw_data/sub-01/anat/sub-01_acq-mpragepmcoff_rec-wre_run-03_T1w.nii', 0.8936265, 0.7662141, 0.987507, 0.9927315, 0.9649953, 0.976138, 0.9951147, 0.8842118, 0.785821, 0.9870913, 0.8730396, 0.9345269, 0.71145356, 0.7743224, 0.967998, 0.9704833, 0.92752784, 0.9808077, 0.85583586, 0.9814493
'data/raw_data/sub-01/anat/sub-01_acq-t1tirmpmcoff_rec-wore_run-01_T1w.nii', 0.99562436, 0.98334867, 0.7186411, 0.96190125, 0.9956594, 0.9987778, 0.9954548, 0.97774863, 0.96336627, 0.98107016, 0.93826383, 0.89450634, 0.92851627, 0.9462535, 0.9808357, 0.93609536, 0.7539202, 0.9853093, 0.98790246, 0.99686867
'data/raw_data/sub-01/anat/sub-01_acq-t1tirmpmcoff_rec-wre_run-02_T1w.nii', 0.97313863, 0.96430516, 0.9874386, 0.84020513, 0.849167, 0.9519591, 0.9910835, 0.9866991, 0.9981146, 0.95246667, 0.9603225, 0.86406326, 0.9952394, 0.9837017, 0.9980592, 0.9868722, 0.971599, 0.9914535, 0.9804088, 0.8293642
'data/raw_data/sub-01/anat/sub-01_acq-t2tsepmcoff_rec-wre_run-02_T2w.nii', 0.016192827, 8.2365725e-05, 0.0021328644, 0.046143755, 1.9345136e-05, 0.01717624, 1.6580147e-05, 0.0016927909, 0.027511748, 0.0026003828, 1.9593372e-05, 0.030465582, 0.07950823, 0.00107709, 0.034326494, 0.023011656, 9.759704e-05, 0.00073260424, 0.010282466, 0.0009829308
'data/raw_data/sub-01/anat/sub-01_acq-t1tirmpmcoff_rec-wore_run-02_T1w.nii', 0.9856915, 0.9991015, 0.9658649, 0.980441, 0.97774917, 0.9987355, 0.9941003, 0.9783497, 0.9174196, 0.9920351, 0.9655393, 0.9953056, 0.9926891, 0.9944469, 0.9911861, 0.9910007, 0.913585, 0.98878795, 0.82269824, 0.9970753
'data/raw_data/sub-06/anat/sub-06_acq-mpragepmcoff_rec-wore_run-02_T1w.nii', 0.8707821, 0.815267, 0.9931645, 0.98181653, 0.8442889, 0.9459698, 0.98458976, 0.98960835, 0.78258103, 0.6789086, 0.9911801, 0.9865209, 0.9179501, 0.9681179, 0.98452747, 0.9969976, 0.9748896, 0.6732214, 0.7954088, 0.53837705
'data/raw_data/sub-06/anat/sub-06_acq-t2tsepmcoff_rec-wore_run-01_T2w.nii', 0.98804736, 0.4391962, 0.98860675, 0.93583417, 0.79914176, 0.8422533, 0.7261824, 0.98671514, 0.9961869, 0.9944232, 0.08061873, 0.50667405, 0.9311177, 0.13576923, 0.7308371, 0.26180217, 0.063927986, 0.8716484, 0.15254322, 0.43049368
'data/raw_data/sub-06/anat/sub-06_acq-t2tsepmcoff_rec-wre_run-02_T2w.nii', 0.6781458, 0.8378364, 0.61546606, 0.52848035, 0.9642637, 0.97257125, 0.24422742, 0.31488824, 0.28845543, 0.8697992, 0.8901599, 0.9864435, 0.7663708, 0.86279374, 0.32222533, 0.94843954, 0.9105052, 0.9418668, 0.78322077, 0.8469875
'data/raw_data/sub-06/anat/sub-06_acq-mpragepmcoff_rec-wore_run-03_T1w.nii', 0.53218585, 0.89439464, 0.6641922, 0.9675827, 0.6892449, 0.9290753, 0.8780491, 0.9286354, 0.9652031, 0.9527321, 0.9894611, 0.97840524, 0.9741421, 0.9782931, 0.9313479, 0.9378839, 0.98623544, 0.99213, 0.9439041, 0.9303669
'data/raw_data/sub-06/anat/sub-06_acq-t2starpmcoff_rec-wore_run-02_T2starw.nii', 0.99981374, 0.99944836, 0.99955565, 0.99967194, 0.9999392, 0.9986358, 0.999992, 0.99613214, 0.99875927, 0.99956113, 0.99994254, 0.99994326, 0.996009, 0.99988127, 0.99950993, 0.999997, 0.99993587, 0.999946, 0.99981755, 0.9999826
'data/raw_data/sub-06/anat/sub-06_acq-t2starpmcoff_rec-wore_run-01_T2starw.nii', 0.5725151, 0.9819099, 0.941004, 0.98690856, 0.9608938, 0.9951851, 0.63430446, 0.76345974, 0.976479, 0.9976144, 0.92652905, 0.9979248, 0.99891627, 0.99764806, 0.7486266, 0.7289928, 0.9871969, 0.98207927, 0.9610629, 0.75507367
'data/raw_data/sub-06/anat/sub-06_acq-mpragepmcoff_rec-wore_run-01_T1w.nii', 0.90182155, 0.96488756, 0.99900925, 0.98663306, 0.112587236, 0.98969483, 0.9853317, 0.61222965, 0.051533177, 0.49673948, 0.7358291, 0.8583876, 0.99632, 0.46683893, 0.4525558, 0.99682873, 0.999637, 0.5734682, 0.74837536, 0.80207336
'data/raw_data/sub-06/anat/sub-06_acq-t2tsepmcoff_rec-wore_run-02_T2w.nii', 0.6632586, 0.77336895, 0.73161536, 0.09356358, 0.799345, 0.9981092, 0.4661881, 0.5229819, 0.31152156, 0.8528259, 0.96130425, 0.58941036, 0.4623974, 0.88394594, 0.84126335, 0.5423136, 0.90378726, 0.81745213, 0.5366783, 0.19385293
'data/raw_data/sub-06/anat/sub-06_acq-t1tirmpmcoff_rec-wore_run-02_T1w.nii', 0.97910017, 0.9880927, 0.9828205, 0.98952746, 0.99130625, 0.9890352, 0.9852588, 0.98902965, 0.8513265, 0.9981299, 0.9924213, 0.9890704, 0.9795196, 0.9941995, 0.99517447, 0.99444664, 0.9745748, 0.9884283, 0.9748301, 0.992845
'data/raw_data/sub-06/anat/sub-06_acq-mpragepmcoff_rec-wre_run-02_T1w.nii', 0.9985259, 0.93390507, 0.78742844, 0.5946644, 0.9992526, 0.8857257, 0.9236364, 0.9903155, 0.66335034, 0.99631554, 0.98412573, 0.99742055, 0.9889159, 0.9821457, 0.9794663, 0.9992218, 0.9629918, 0.9514218, 0.9978483, 0.81971014
'data/raw_data/sub-06/anat/sub-06_acq-t1tirmpmcoff_rec-wore_run-01_T1w.nii', 0.9753346, 0.9712867, 0.9657539, 0.99432963, 0.99161947, 0.9818386, 0.9904027, 0.98752254, 0.9904569, 0.9967643, 0.9754288, 0.9962089, 0.9841485, 0.9899004, 0.99620664, 0.9693644, 0.99793077, 0.9979164, 0.9969777, 0.9939014
'data/raw_data/sub-06/anat/sub-06_acq-t1tirmpmcoff_rec-wre_run-02_T1w.nii', 0.9936417, 0.9825037, 0.99527055, 0.9843741, 0.9715319, 0.97702014, 0.96508, 0.9960575, 0.9552622, 0.96792567, 0.9433598, 0.9855428, 0.9744305, 0.9450909, 0.9761919, 0.98266625, 0.9951094, 0.98983616, 0.99706846, 0.9811608
'data/raw_data/sub-06/anat/sub-06_acq-mpragepmcoff_rec-wre_run-03_T1w.nii', 0.87818754, 0.7411365, 0.9428955, 0.96892434, 0.9035108, 0.95940804, 0.58417434, 0.79271877, 0.95461446, 0.830112, 0.98053646, 0.80939746, 0.98578066, 0.93138164, 0.90310097, 0.5236969, 0.5983829, 0.90229267, 0.71446884, 0.9428161
'data/raw_data/sub-07/anat/sub-07_acq-flairpmcoff_rec-wre_run-02_FLAIR.nii', 0.9803554, 0.022413034, 0.16235822, 0.5431529, 0.729718, 0.894139, 0.16678569, 0.9038483, 0.216682, 0.009227723, 0.8782083, 0.58072245, 0.00010054894, 0.57554924, 0.28889254, 0.6022623, 0.06550552, 0.031635474, 0.11885571, 0.72304213
'data/raw_data/sub-07/anat/sub-07_acq-t2tsepmcoff_rec-wore_run-01_T2w.nii', 0.02945919, 0.36184326, 0.6944481, 0.005738, 0.098721355, 0.0028549046, 0.08863619, 0.28875658, 0.5503872, 0.0029293168, 0.07478951, 0.004699445, 0.05065267, 0.5116205, 0.15794617, 0.9816096, 0.27326286, 0.0024984693, 0.09239841, 0.54113096
'data/raw_data/sub-07/anat/sub-07_acq-t1tirmpmcoff_rec-wore_run-02_T1w.nii', 0.99860126, 0.93244207, 0.99891806, 0.99769956, 0.99799794, 0.9989699, 0.9996635, 0.9960419, 0.99639183, 0.9986816, 0.99203897, 0.99576914, 0.9699149, 0.7400383, 0.99712294, 0.9995167, 0.99609286, 0.98393905, 0.99758184, 0.9990483
'data/raw_data/sub-07/anat/sub-07_acq-t1tirmpmcoff_rec-wore_run-01_T1w.nii', 0.99220806, 0.98694974, 0.996994, 0.9722734, 0.98887783, 0.9296452, 0.9957681, 0.9437326, 0.99490994, 0.9612995, 0.97018033, 0.97881967, 0.9289745, 0.9748787, 0.98686045, 0.9935679, 0.9871537, 0.9706372, 0.9998814, 0.99711084
'data/raw_data/sub-07/anat/sub-07_acq-t2tsepmcoff_rec-wore_run-02_T2w.nii', 0.92290515, 0.9551558, 0.9944839, 0.7441729, 0.9884901, 0.96643096, 0.8249929, 0.9885334, 0.9561854, 0.9796714, 0.9544796, 0.9381468, 0.95255435, 0.99203366, 0.6090305, 0.9795554, 0.8658452, 0.058916736, 0.81782186, 0.4683506
'data/raw_data/sub-07/anat/sub-07_acq-flairpmcoff_rec-wore_run-02_FLAIR.nii', 0.44743976, 0.65498203, 0.0075241677, 0.0036825794, 0.30439577, 0.005633654, 0.52103794, 0.79317665, 0.9890914, 0.0066144713, 0.30698514, 0.6078572, 0.5785189, 0.75585383, 0.11064731, 0.006536041, 0.16519941, 0.0015328776, 0.5143422, 0.104724735
'data/raw_data/sub-07/anat/sub-07_acq-mpragepmcoff_rec-wore_run-03_T1w.nii', 0.944047, 0.9720106, 0.93744683, 0.6512776, 0.9760188, 0.94374555, 0.94737977, 0.93800783, 0.9672929, 0.8169208, 0.3460246, 0.95287526, 0.42550775, 0.89755815, 0.98467124, 0.83174944, 0.96212256, 0.85608464, 0.97189605, 0.8676594
'data/raw_data/sub-07/anat/sub-07_acq-t2starpmcoff_rec-wore_run-01_T2starw.nii', 0.9452471, 0.9909305, 0.9791997, 0.9504125, 0.99524164, 0.99968576, 0.99650085, 0.9904316, 0.9982382, 0.9944278, 0.995773, 0.88890696, 0.9801971, 0.97522473, 0.99276066, 0.99627906, 0.7466493, 0.9547656, 0.60258776, 0.8837532
'data/raw_data/sub-07/anat/sub-07_acq-flairpmcoff_rec-wore_run-01_FLAIR.nii', 0.9896723, 0.878874, 0.9892181, 0.9722077, 0.9166535, 0.21280275, 0.9983398, 0.99673885, 0.961204, 0.90879285, 0.89711714, 0.6620059, 0.65252805, 0.00034330063, 0.31973034, 0.30341038, 0.422098, 0.9716204, 0.12660985, 0.6762873
'data/raw_data/sub-07/anat/sub-07_acq-mpragepmcoff_rec-wore_run-02_T1w.nii', 0.20689902, 0.042999696, 0.07684555, 0.009804025, 0.14006503, 0.06749931, 0.8992369, 0.007693805, 0.00061930163, 0.00015274808, 0.06425607, 0.2935374, 0.9499025, 0.059854567, 0.01492953, 0.061930258, 0.011150584, 0.6786846, 0.018670898, 0.027596386
'data/raw_data/sub-07/anat/sub-07_acq-mpragepmcoff_rec-wre_run-02_T1w.nii', 0.018953072, 0.44683817, 0.13287382, 0.59015334, 0.01744313, 0.0055700857, 0.095806375, 0.059760466, 0.8498792, 0.3274766, 0.042566013, 0.021249564, 0.23732343, 0.77039325, 0.26243228, 0.76636916, 0.9808394, 0.0059191496, 0.14520063, 0.057924334
'data/raw_data/sub-07/anat/sub-07_acq-t2starpmcoff_rec-wore_run-02_T2starw.nii', 0.9957551, 0.9999902, 0.99901295, 0.9997124, 0.98931795, 0.9945979, 0.99959105, 0.9996263, 0.9996871, 0.99865437, 0.99931, 0.9995435, 0.9996846, 0.9953675, 0.99877185, 0.99992776, 0.99851424, 0.982703, 0.99985814, 0.9928474
'data/raw_data/sub-07/anat/sub-07_acq-t2tsepmcoff_rec-wre_run-02_T2w.nii', 0.9640406, 0.93841404, 0.98113084, 0.97764575, 0.93679893, 0.998831, 0.9527137, 0.96180683, 0.9331907, 0.9929537, 0.9998553, 0.992508, 0.9979856, 0.9775727, 0.9922625, 0.99767464, 0.9813787, 0.91028744, 0.9897546, 0.6223413
'data/raw_data/sub-07/anat/sub-07_acq-mpragepmcoff_rec-wre_run-03_T1w.nii', 0.89123875, 0.9170264, 0.8869159, 0.5493465, 0.9833726, 0.9984523, 0.93903476, 0.9989957, 0.9966755, 0.9771682, 0.9739778, 0.9935307, 0.99574596, 0.99606293, 0.9864352, 0.9774826, 0.98835886, 0.97314316, 0.9907069, 0.83754236
'data/raw_data/sub-07/anat/sub-07_acq-mpragepmcoff_rec-wore_run-01_T1w.nii', 2.4603904e-07, 4.402291e-07, 1.6595154e-10, 0.007187362, 4.131382e-06, 9.228152e-09, 0.47713345, 1.9498939e-05, 2.6323437e-06, 0.010598174, 4.044101e-06, 6.1808726e-07, 1.7340998e-06, 0.00043396064, 5.4214024e-09, 1.6133272e-05, 0.5685296, 0.048881806, 1.3231766e-05, 0.00041265963
'data/raw_data/sub-07/anat/sub-07_acq-t1tirmpmcoff_rec-wre_run-02_T1w.nii', 0.99810106, 0.97928077, 0.9921067, 0.9621294, 0.99606174, 0.98542345, 0.9938257, 0.98163295, 0.9966209, 0.9848755, 0.9914716, 0.9824029, 0.9437363, 0.949287, 0.9919561, 0.95787746, 0.99640816, 0.958847, 0.95873684, 0.97880644
'data/raw_data/sub-09/anat/sub-09_acq-mpragepmcoff_rec-wore_run-01_T1w.nii', 0.9999416, 0.9851886, 0.9999014, 0.99973685, 0.998806, 0.9953607, 0.9991271, 0.8650569, 0.964466, 0.99566406, 0.9849879, 0.9864818, 0.9886473, 0.9193565, 0.8422312, 0.99012613, 0.96845555, 0.5777062, 0.93430793, 0.9999696
'data/raw_data/sub-09/anat/sub-09_acq-t2starpmcoff_rec-wore_run-01_T2starw.nii', 0.9998078, 0.98769987, 0.9948996, 0.98691165, 0.9879502, 0.99383634, 0.99874073, 0.9995968, 0.99992, 0.99980086, 0.99978536, 0.9984219, 0.9999894, 0.9988471, 0.99701834, 0.98978734, 0.9998306, 0.9996172, 0.9880343, 0.9998969
'data/raw_data/sub-09/anat/sub-09_acq-t2tsepmcoff_rec-wore_run-01_T2w.nii', 0.14064158, 0.6099582, 0.9068813, 0.33009723, 0.8734103, 0.6498941, 0.015198466, 0.9838149, 0.7207839, 0.94321895, 0.9944846, 0.9962036, 0.842283, 0.95269424, 0.04475424, 0.033575214, 0.31614023, 0.8536397, 0.9646019, 0.031538256
'data/raw_data/sub-09/anat/sub-09_acq-mpragepmcoff_rec-wore_run-02_T1w.nii', 0.9979067, 0.8211772, 0.9357396, 0.99734265, 0.9748947, 0.9940823, 0.989603, 0.9927981, 0.99944955, 0.9771049, 0.9996679, 0.9989987, 0.9934501, 0.80210376, 0.97153735, 0.9804074, 0.9995247, 0.99856, 0.97452253, 0.94726175
'data/raw_data/sub-09/anat/sub-09_acq-t2starpmcoff_rec-wore_run-02_T2starw.nii', 0.9999733, 0.99996746, 0.9985852, 0.9999769, 0.9999888, 0.9999759, 0.999995, 0.9999945, 0.9999304, 0.99996734, 0.9998847, 0.99899, 0.99982774, 0.9999682, 0.99994516, 0.99898535, 0.9998838, 0.999967, 0.9999976, 0.99998033
'data/raw_data/sub-09/anat/sub-09_acq-t2tsepmcoff_rec-wre_run-02_T2w.nii', 0.9892526, 0.96744967, 0.95560473, 0.35894367, 0.9824936, 0.9991704, 0.97517526, 0.9750796, 0.9787467, 0.99869174, 0.99842983, 0.96289784, 0.9695311, 0.33876684, 0.97865593, 0.9962525, 0.97601455, 0.9132761, 0.9964216, 0.949167
'data/raw_data/sub-09/anat/sub-09_acq-t2tsepmcoff_rec-wore_run-02_T2w.nii', 0.9840634, 0.74223506, 0.97944194, 0.98184603, 0.9145761, 0.90824056, 0.11727715, 0.99498796, 0.99991834, 0.9925914, 0.108123995, 0.98248154, 0.43378264, 0.9998634, 0.3898276, 0.9265143, 0.9947857, 0.9991259, 0.99238634, 0.80971354
'data/raw_data/sub-09/anat/sub-09_acq-mpragepmcoff_rec-wore_run-03_T1w.nii', 0.9924665, 0.9998723, 0.9862147, 0.9991246, 0.9990983, 0.99949133, 0.9922746, 0.9639102, 0.9930335, 0.99157906, 0.9691297, 0.9993235, 0.9997751, 0.99929535, 0.9928994, 0.99897194, 0.996452, 0.985349, 0.9898717, 0.99948835
'data/raw_data/sub-09/anat/sub-09_acq-t1tirmpmcoff_rec-wore_run-01_T1w.nii', 0.9657981, 0.972408, 0.99158293, 0.9878422, 0.9995803, 0.99368423, 0.997285, 0.97930866, 0.9910268, 0.9991302, 0.99949574, 0.9969168, 0.9984445, 0.9978126, 0.9941912, 0.98903465, 0.9953342, 0.9729994, 0.99740666, 0.96655524
'data/raw_data/sub-09/anat/sub-09_acq-t1tirmpmcoff_rec-wore_run-02_T1w.nii', 0.9837811, 0.993489, 0.9683783, 0.9909155, 0.9947883, 0.99237424, 0.9898975, 0.96766025, 0.9932035, 0.96260715, 0.99703574, 0.9997708, 0.99930334, 0.9983999, 0.99960846, 0.9961598, 0.996336, 0.9990489, 0.997184, 0.99659735
'data/raw_data/sub-09/anat/sub-09_acq-mpragepmcoff_rec-wre_run-02_T1w.nii', 0.9952378, 0.9981598, 0.99962616, 0.8863605, 0.99980587, 0.86829615, 0.92430484, 0.9527349, 0.77266157, 0.9873131, 0.99361426, 0.9866284, 0.99943763, 0.59745187, 0.36782315, 0.9862386, 0.9958674, 0.9492567, 0.9946865, 0.8739799
'data/raw_data/sub-09/anat/sub-09_acq-mpragepmcoff_rec-wre_run-03_T1w.nii', 0.986597, 0.9850499, 0.3396866, 0.98865217, 0.27107897, 0.74247545, 0.5381887, 0.09080955, 0.9281835, 0.67390347, 0.9929588, 0.99401456, 0.012740965, 0.43056494, 0.98951095, 0.95006204, 0.9053785, 0.5924064, 0.9205386, 0.28564557
'data/raw_data/sub-09/anat/sub-09_acq-t1tirmpmcoff_rec-wre_run-02_T1w.nii', 0.9981669, 0.99920005, 0.98926324, 0.9956957, 0.9976108, 0.9827784, 0.9976279, 0.9976076, 0.879107, 0.97923833, 0.96862924, 0.99393845, 0.99874324, 0.8330705, 0.8787651, 0.96515566, 0.9956624, 0.9805745, 0.9893357, 0.5927893
'data/raw_data/sub-17/anat/sub-17_acq-flairpmcoff_rec-wre_run-02_FLAIR.nii', 0.98930293, 0.99901783, 0.92850024, 0.9603302, 0.97060454, 0.99165803, 0.9908568, 0.9689389, 0.9909424, 0.9993376, 0.98370403, 0.6106243, 0.86897236, 0.9699609, 0.9927528, 0.9938712, 0.9705955, 0.9835634, 0.8711659, 0.9942086
'data/raw_data/sub-17/anat/sub-17_acq-t1tirmpmcoff_rec-wore_run-02_T1w.nii', 0.98660964, 0.9810497, 0.91946536, 0.9542747, 0.9593357, 0.9748967, 0.9707319, 0.9941731, 0.9656587, 0.98643094, 0.99318576, 0.97880846, 0.9863603, 0.988962, 0.9821827, 0.9973585, 0.9816373, 0.98196006, 0.9967675, 0.99019814
'data/raw_data/sub-17/anat/sub-17_acq-flairpmcoff_rec-wore_run-02_FLAIR.nii', 0.99551743, 0.998058, 0.9870128, 0.9127779, 0.99791497, 0.99736446, 0.9923524, 0.9935136, 0.98037535, 0.99614245, 0.9936986, 0.9849877, 0.98372203, 0.99828076, 0.9973085, 0.98108876, 0.99644405, 0.9895919, 0.9990164, 0.9968093
'data/raw_data/sub-17/anat/sub-17_acq-t1tirmpmcoff_rec-wre_run-02_T1w.nii', 0.9965005, 0.9859083, 0.99181503, 0.9966484, 0.97569615, 0.94006604, 0.9847824, 0.99956113, 0.8797563, 0.9978498, 0.99740064, 0.99859303, 0.95890826, 0.9805942, 0.99862576, 0.9801588, 0.9919373, 0.9607203, 0.9910602, 0.9741561
'data/raw_data/sub-17/anat/sub-17_acq-mpragepmcoff_rec-wre_run-03_T1w.nii', 0.8085199, 0.9856208, 0.93632704, 0.70720327, 0.9510544, 0.9927906, 0.98065466, 0.72106886, 0.98174715, 0.8203317, 0.8254109, 0.89513814, 0.9995191, 0.9959428, 0.8843707, 0.8165473, 0.9948027, 0.8802278, 0.9804786, 0.98128086
'data/raw_data/sub-17/anat/sub-17_acq-mpragepmcoff_rec-wre_run-02_T1w.nii', 0.9733974, 0.99465746, 0.9936866, 0.9922099, 0.9932066, 0.988735, 0.9980064, 0.9968233, 0.99773526, 0.9983034, 0.89734596, 0.98689073, 0.99781954, 0.90350205, 0.92454207, 0.99656576, 0.99764484, 0.9863668, 0.9929656, 0.98989314
'data/raw_data/sub-17/anat/sub-17_acq-t1tirmpmcoff_rec-wore_run-01_T1w.nii', 0.9976162, 0.99920505, 0.9862482, 0.9985073, 0.9986873, 0.99808526, 0.97351056, 0.99929476, 0.99880254, 0.9972397, 0.99768746, 0.9929577, 0.9698452, 0.99590486, 0.9778075, 0.9929565, 0.98844725, 0.97729594, 0.99972314, 0.99875295
'data/raw_data/sub-17/anat/sub-17_acq-t2tsepmcoff_rec-wore_run-01_T2w.nii', 0.05208805, 0.66457474, 0.42920205, 0.106387705, 0.8053435, 0.3924734, 0.10212945, 0.82250965, 0.010929476, 0.1174118, 0.09772284, 0.9218763, 0.42086458, 0.3658232, 0.07954952, 0.6669672, 0.60905504, 0.7280108, 0.88439864, 0.80986464
'data/raw_data/sub-17/anat/sub-17_acq-t2starpmcoff_rec-wore_run-01_T2starw.nii', 0.95108753, 0.97949195, 0.9952915, 0.99542505, 0.9874621, 0.99426323, 0.99608505, 0.99199235, 0.96652144, 0.93421376, 0.9974286, 0.7826375, 0.9474858, 0.9192948, 0.99715555, 0.9953621, 0.9995246, 0.9845636, 0.9718051, 0.990568
'data/raw_data/sub-17/anat/sub-17_acq-mpragepmcoff_rec-wore_run-03_T1w.nii', 0.9835121, 0.97797215, 0.985291, 0.98744905, 0.9865274, 0.93421084, 0.9960813, 0.96241903, 0.98665804, 0.9860247, 0.984599, 0.98985904, 0.9986467, 0.91699624, 0.9073043, 0.9730207, 0.99641955, 0.99242026, 0.98336166, 0.989368
'data/raw_data/sub-17/anat/sub-17_acq-mpragepmcoff_rec-wore_run-02_T1w.nii', 0.9630441, 0.899559, 0.965947, 0.9379718, 0.9614027, 0.9779683, 0.9531803, 0.9371447, 0.92770797, 0.9535872, 0.981821, 0.807309, 0.8842374, 0.98448366, 0.99136823, 0.97394776, 0.9486831, 0.9637996, 0.83013856, 0.90530133
'data/raw_data/sub-17/anat/sub-17_acq-t2tsepmcoff_rec-wre_run-02_T2w.nii', 0.83525825, 0.69641954, 0.01919431, 0.8371898, 0.63209236, 0.3126862, 0.78993297, 0.29958278, 0.9179554, 0.7499089, 0.7611673, 0.6862634, 0.91547406, 0.9081042, 0.0961606, 0.8853054, 0.86106366, 0.62037, 0.79937005, 0.53182834
'data/raw_data/sub-17/anat/sub-17_acq-t2tsepmcoff_rec-wore_run-02_T2w.nii', 0.3407761, 0.4054126, 0.5717726, 0.535552, 0.21636419, 0.8850349, 0.76069754, 0.3000564, 0.25268063, 0.72545564, 0.90352887, 0.22948045, 0.6499698, 0.893587, 0.9398801, 0.9931619, 0.4809646, 0.92688286, 0.82797205, 0.87212104
'data/raw_data/sub-17/anat/sub-17_acq-t2starpmcoff_rec-wore_run-02_T2starw.nii', 0.9993918, 0.9987055, 0.99809116, 0.99937916, 0.9957379, 0.99997175, 0.999838, 0.99860746, 0.9942701, 0.9957248, 0.9991898, 0.9948612, 0.9952825, 0.9954749, 0.99994075, 0.9989153, 0.99531674, 0.99894637, 0.9995962, 0.9986999
'data/raw_data/sub-17/anat/sub-17_acq-flairpmcoff_rec-wore_run-01_FLAIR.nii', 0.9986903, 0.9178074, 0.7256859, 0.9645333, 0.9856376, 0.9501319, 0.9949321, 0.9964888, 0.98920083, 0.9931613, 0.9979728, 0.9973579, 0.7001662, 0.99748397, 0.99786156, 0.9948342, 0.9785548, 0.95344085, 0.99660987, 0.9714541
'data/raw_data/sub-17/anat/sub-17_acq-mpragepmcoff_rec-wore_run-01_T1w.nii', 0.8320739, 0.5072156, 0.71057004, 0.4446014, 0.9981875, 0.7920859, 0.99234784, 0.8042894, 0.75405264, 0.9623899, 0.50032765, 0.38382003, 0.9909566, 0.84807515, 0.99873847, 0.74504805, 0.84476775, 0.9898543, 0.98371524, 0.96873826
'data/raw_data/sub-10/anat/sub-10_acq-t1tirmpmcoff_rec-wore_run-01_T1w.nii', 0.9895762, 0.99177915, 0.891787, 0.93573743, 0.97779775, 0.969216, 0.99735534, 0.9898145, 0.92103845, 0.98350126, 0.9865498, 0.99367154, 0.9715887, 0.9857649, 0.98450387, 0.996924, 0.9791859, 0.9888868, 0.99824214, 0.9490715
'data/raw_data/sub-10/anat/sub-10_acq-t2tsepmcoff_rec-wre_run-02_T2w.nii', 0.9186425, 0.9473947, 0.554437, 0.9936365, 0.76728624, 0.98813313, 0.91729385, 0.48780173, 0.5572971, 0.49199387, 0.33555993, 0.95187175, 0.57222766, 0.74914956, 0.99737394, 0.7912265, 0.93195295, 0.4045547, 0.7385788, 0.8895889
'data/raw_data/sub-10/anat/sub-10_acq-mpragepmcoff_rec-wre_run-03_T1w.nii', 0.78061485, 0.71766376, 0.013197665, 0.15781589, 0.49939018, 0.8235812, 0.11947833, 0.040552665, 0.3798158, 0.9601289, 0.052274432, 0.0009777485, 0.9834631, 0.3189011, 0.81095684, 0.39368817, 0.8943816, 0.02003868, 0.010071691, 0.97642046
'data/raw_data/sub-10/anat/sub-10_acq-t1tirmpmcoff_rec-wre_run-02_T1w.nii', 0.9652821, 0.99458635, 0.98733425, 0.98936826, 0.9810144, 0.99078304, 0.96605533, 0.9769737, 0.99671435, 0.9970362, 0.97079796, 0.99273694, 0.987039, 0.9397495, 0.9983582, 0.98513955, 0.8748136, 0.94644535, 0.96817297, 0.96693534
'data/raw_data/sub-10/anat/sub-10_acq-mpragepmcoff_rec-wre_run-02_T1w.nii', 0.00036805923, 0.3253004, 0.032448914, 0.00414337, 0.01715018, 0.35508528, 0.0045902757, 0.5071297, 0.20268665, 0.038811997, 0.0034687435, 0.00024487215, 0.26987872, 0.840796, 0.25225484, 0.013385492, 0.21285056, 0.070635505, 0.0003480963, 0.48209074
'data/raw_data/sub-10/anat/sub-10_acq-t1tirmpmcoff_rec-wore_run-02_T1w.nii', 0.9637491, 0.99576783, 0.9829328, 0.99360174, 0.997171, 0.9904587, 0.9951019, 0.9683954, 0.94278216, 0.99466103, 0.9882129, 0.9899216, 0.997454, 0.98406595, 0.9983303, 0.9938817, 0.9988977, 0.982349, 0.98439306, 0.9636054
'data/raw_data/sub-10/anat/sub-10_acq-t2tsepmcoff_rec-wore_run-02_T2w.nii', 0.9619229, 0.7538671, 0.86444074, 0.97997415, 0.95999694, 0.28099605, 0.9158469, 0.9588577, 0.95856476, 0.92847085, 0.94954437, 0.59325033, 0.5739472, 0.7931388, 0.97550994, 0.99234176, 0.35720676, 0.89620876, 0.8377461, 0.66037667
'data/raw_data/sub-10/anat/sub-10_acq-mpragepmcoff_rec-wore_run-01_T1w.nii', 0.00798824, 0.0008560042, 7.925716e-06, 0.00018364863, 7.890572e-06, 2.3119799e-07, 0.0070281927, 3.2895125e-05, 0.021494664, 0.023378212, 6.867323e-05, 0.00041867752, 0.00018724243, 3.9819843e-05, 0.0031042811, 0.00012192623, 4.840013e-06, 0.052368987, 1.6361588e-08, 0.0013780067
'data/raw_data/sub-10/anat/sub-10_acq-t2starpmcoff_rec-wore_run-02_T2starw.nii', 0.9311788, 0.98988056, 0.9970361, 0.9783593, 0.99402076, 0.9994598, 0.96506727, 0.98092204, 0.99578816, 0.9989587, 0.9940586, 0.9851394, 0.99539435, 0.99725026, 0.9894896, 0.9923476, 0.9795019, 0.99902487, 0.9909128, 0.9962204
'data/raw_data/sub-10/anat/sub-10_acq-t2starpmcoff_rec-wore_run-01_T2starw.nii', 0.96374345, 0.9757877, 0.98365223, 0.9860285, 0.9829061, 0.9794891, 0.9871165, 0.986022, 0.9960782, 0.9903045, 0.84961516, 0.9394017, 0.9159476, 0.90004253, 0.9814656, 0.9888016, 0.93447864, 0.9981193, 0.969536, 0.9971746
'data/raw_data/sub-10/anat/sub-10_acq-mpragepmcoff_rec-wore_run-02_T1w.nii', 0.018975036, 0.0067367787, 0.810366, 0.9819431, 0.49514905, 0.2351302, 0.47002822, 0.52465904, 0.009021001, 0.28019902, 0.020533051, 0.7495129, 0.0013140811, 0.18765076, 0.027806094, 0.88915694, 0.4738696, 0.2013759, 0.7164495, 0.5345182
'data/raw_data/sub-10/anat/sub-10_acq-t2tsepmcoff_rec-wore_run-01_T2w.nii', 0.664389, 0.4416684, 0.50891405, 0.1012452, 0.9840263, 0.8502802, 0.1756923, 0.0604354, 0.18656647, 0.8989745, 0.047852878, 0.99368626, 0.89763623, 0.007613489, 0.34387946, 0.21110293, 0.87465006, 0.6979217, 0.75280476, 0.96638775
'data/raw_data/sub-10/anat/sub-10_acq-mpragepmcoff_rec-wore_run-03_T1w.nii', 0.9865694, 0.96175414, 0.99798536, 0.7127983, 0.98473525, 0.99543804, 0.99552876, 0.9954934, 0.74661064, 0.9590295, 0.9832266, 0.99677914, 0.99463034, 0.8532834, 0.78192496, 0.9734771, 0.99212027, 0.9651204, 0.9952839, 0.91158706
'data/raw_data/sub-19/anat/sub-19_acq-mpragepmcoff_rec-wore_run-01_T1w.nii', 0.5814031, 0.77115273, 0.9907415, 0.98445636, 0.096208684, 0.95553994, 0.1497754, 0.10150312, 0.14300573, 0.008102758, 0.9853565, 0.91697234, 0.1176879, 0.11858651, 0.05418006, 0.66156286, 0.24462654, 0.6208491, 0.7688809, 0.018757872
'data/raw_data/sub-19/anat/sub-19_acq-t2starpmcoff_rec-wore_run-01_T2starw.nii', 0.4636553, 0.6789581, 0.9763312, 0.9713319, 0.9192272, 0.9578498, 0.9665141, 0.733709, 0.9781245, 0.7174866, 0.92763674, 0.9050784, 0.7791011, 0.28394327, 0.70706725, 0.97237104, 0.9482921, 0.77694696, 0.6236852, 0.8853741
'data/raw_data/sub-19/anat/sub-19_acq-t2tsepmcoff_rec-wre_run-02_T2w.nii', 0.7169416, 0.68727887, 0.5186099, 0.801524, 0.04967519, 0.02212593, 0.060932603, 0.043229334, 0.07450552, 0.028558675, 0.83009845, 0.5882488, 0.84218365, 0.99029773, 0.060975835, 0.063332394, 0.84238756, 0.21614872, 0.61103034, 0.74866354
'data/raw_data/sub-19/anat/sub-19_acq-t1tirmpmcoff_rec-wre_run-02_T1w.nii', 0.9970638, 0.9966804, 0.98962796, 0.99621624, 0.99844235, 0.988936, 0.98973113, 0.9806999, 0.9971846, 0.9821716, 0.9984963, 0.9946308, 0.9917414, 0.9846762, 0.9807405, 0.9384379, 0.98794496, 0.987017, 0.9852959, 0.97696084
'data/raw_data/sub-19/anat/sub-19_acq-mpragepmcoff_rec-wre_run-03_T1w.nii', 0.9607522, 0.98580337, 0.9400454, 0.95585734, 0.76825124, 0.8753705, 0.96531814, 0.49424538, 0.79784304, 0.9792478, 0.9140146, 0.91277814, 0.6104708, 0.82871187, 0.98838437, 0.92784286, 0.7433995, 0.92609125, 0.95524824, 0.99116087
'data/raw_data/sub-19/anat/sub-19_acq-mpragepmcoff_rec-wore_run-02_T1w.nii', 0.95394504, 0.5300309, 0.9516248, 0.73536277, 0.3029818, 0.98103046, 0.89237237, 0.65421796, 0.52132934, 0.97688293, 0.9999182, 0.98067427, 0.95264405, 0.5203854, 0.9325471, 0.98889434, 0.8775425, 0.96284986, 0.27712896, 0.5829842
'data/raw_data/sub-19/anat/sub-19_acq-mpragepmcoff_rec-wore_run-03_T1w.nii', 0.9008051, 0.96946913, 0.9970488, 0.99788743, 0.8863314, 0.99556375, 0.99979717, 0.9588448, 0.9997749, 0.8294395, 0.84895366, 0.99076384, 0.9867866, 0.99811566, 0.94767773, 0.8104374, 0.9959919, 0.9901782, 0.99898654, 0.992362
'data/raw_data/sub-19/anat/sub-19_acq-mpragepmcoff_rec-wre_run-02_T1w.nii', 0.99924326, 0.98042, 0.94601434, 0.94657713, 0.9155336, 0.9794812, 0.99608254, 0.56223047, 0.11744658, 0.9405135, 0.99123466, 0.8452453, 0.99872893, 0.91397005, 0.9406454, 0.4261656, 0.98463494, 0.97390723, 0.995447, 0.7076213
'data/raw_data/sub-19/anat/sub-19_acq-t2starpmcoff_rec-wore_run-02_T2starw.nii', 0.9780728, 0.9945275, 0.9660274, 0.9881126, 0.98199284, 0.9666362, 0.94458276, 0.97895026, 0.99678063, 0.9631961, 0.9809312, 0.97014576, 0.98820925, 0.98027885, 0.97470516, 0.9788599, 0.9805504, 0.98409003, 0.9902846, 0.96113724
'data/raw_data/sub-19/anat/sub-19_acq-t2tsepmcoff_rec-wore_run-01_T2w.nii', 0.20476176, 0.017989172, 0.036159333, 0.00094439223, 0.00045093845, 0.0039242804, 0.007783216, 0.85726595, 0.12456443, 0.75029534, 0.55107963, 0.1524449, 0.25984478, 0.009485069, 0.0033156166, 0.2984746, 0.17961608, 0.0035859447, 0.7711419, 0.18809697
'data/raw_data/sub-19/anat/sub-19_acq-t1tirmpmcoff_rec-wore_run-01_T1w.nii', 0.9964759, 0.9983223, 0.94589776, 0.99373615, 0.9945857, 0.9949457, 0.97635716, 0.98172975, 0.992281, 0.99355847, 0.98790646, 0.9970607, 0.95607805, 0.97945595, 0.9974928, 0.99917066, 0.9846201, 0.9989874, 0.96712285, 0.98163927
'data/raw_data/sub-19/anat/sub-19_acq-t2tsepmcoff_rec-wore_run-02_T2w.nii', 0.9790162, 0.01490502, 0.79577225, 0.14771596, 0.38800347, 0.24039876, 0.029912416, 0.9427034, 0.935041, 0.5513119, 0.9462679, 0.29654923, 0.11432487, 0.87699354, 0.03828674, 0.65944517, 0.4895479, 0.86400855, 0.781818, 0.6683331
'data/raw_data/sub-19/anat/sub-19_acq-t1tirmpmcoff_rec-wore_run-02_T1w.nii', 0.9918709, 0.9847194, 0.9858607, 0.98797196, 0.9957937, 0.99048084, 0.986935, 0.99830425, 0.99170023, 0.99714476, 0.99533695, 0.9947836, 0.9976852, 0.97668004, 0.9960968, 0.99411774, 0.9977308, 0.9958787, 0.99346983, 0.99050015
'data/raw_data/sub-21/anat/sub-21_acq-t1tirmpmcoff_rec-wore_run-01_T1w.nii', 0.97864985, 0.9988105, 0.9770348, 0.9906536, 0.99574584, 0.98681355, 0.9932674, 0.99433136, 0.9893058, 0.9779854, 0.9986488, 0.98335576, 0.9989496, 0.99531025, 0.99192375, 0.98487246, 0.996467, 0.83500427, 0.9851408, 0.99813664
'data/raw_data/sub-21/anat/sub-21_acq-t2starpmcoff_rec-wore_run-02_T2starw.nii', 0.9821426, 0.9998528, 0.9989229, 0.9913669, 0.9801656, 0.98858464, 0.9871744, 0.98525745, 0.99734384, 0.9951748, 0.9996419, 0.9997491, 0.9982882, 0.99682474, 0.9981723, 0.99559, 0.9975551, 0.9953544, 0.9738043, 0.98564166
'data/raw_data/sub-21/anat/sub-21_acq-mpragepmcoff_rec-wre_run-02_T1w.nii', 0.99508107, 0.9994375, 0.9792876, 0.998779, 0.9963407, 0.9894936, 0.9969313, 0.994806, 0.9989207, 0.96200395, 0.9931444, 0.99667656, 0.9995359, 0.99929523, 0.99340844, 0.9990396, 0.99901855, 0.9996338, 0.9997019, 0.93037003
'data/raw_data/sub-21/anat/sub-21_acq-t2starpmcoff_rec-wore_run-01_T2starw.nii', 0.9998022, 0.9930884, 0.9999056, 0.99975103, 0.9947419, 0.99173343, 0.9962112, 0.9979697, 0.9996451, 0.98220634, 0.9961498, 0.9657759, 0.9978416, 0.5625502, 0.99980634, 0.98907346, 0.9875338, 0.99966836, 0.97990054, 0.9800816
'data/raw_data/sub-21/anat/sub-21_acq-t1tirmpmcoff_rec-wre_run-02_T1w.nii', 0.99581605, 0.96718276, 0.98399377, 0.94816464, 0.9959863, 0.9668142, 0.95435023, 0.9992106, 0.9741847, 0.9960602, 0.9970855, 0.99905294, 0.96095526, 0.99949217, 0.9925282, 0.99458694, 0.9943399, 0.9952394, 0.997983, 0.9950831
'data/raw_data/sub-21/anat/sub-21_acq-mpragepmcoff_rec-wre_run-03_T1w.nii', 0.9958437, 0.97398823, 0.9982626, 0.97687954, 0.97447574, 0.9989796, 0.9727792, 0.99987316, 0.98691875, 0.99851066, 0.98503333, 0.984617, 0.9981008, 0.99121827, 0.9995596, 0.9908002, 0.9978811, 0.9999136, 0.9962735, 0.9742569
'data/raw_data/sub-21/anat/sub-21_acq-t1tirmpmcoff_rec-wore_run-02_T1w.nii', 0.9799193, 0.98057705, 0.9773257, 0.9908261, 0.9944899, 0.9995327, 0.9987398, 0.99076277, 0.9497972, 0.9940843, 0.99175596, 0.9940171, 0.9992207, 0.98472124, 0.9954195, 0.99025565, 0.9918039, 0.9574091, 0.99589527, 0.99619776
'data/raw_data/sub-21/anat/sub-21_acq-t2tsepmcoff_rec-wore_run-01_T2w.nii', 0.9758211, 0.9906184, 0.9897792, 0.9898415, 0.88585037, 0.999014, 0.8526543, 0.9657957, 0.98586214, 0.9673633, 0.8841793, 0.96522963, 0.9935529, 0.9847536, 0.9139744, 0.9973072, 0.9993806, 0.99468, 0.8430017, 0.8537019
'data/raw_data/sub-21/anat/sub-21_acq-mpragepmcoff_rec-wore_run-01_T1w.nii', 0.99715793, 0.989995, 0.99980265, 0.9912718, 0.9585563, 0.99526715, 0.9819695, 0.9546061, 0.9933689, 0.97374064, 0.9986675, 0.9999379, 0.9969867, 0.9931753, 0.9984705, 0.9999231, 0.98602027, 0.94715315, 0.99566346, 0.99592835
'data/raw_data/sub-21/anat/sub-21_acq-mpragepmcoff_rec-wore_run-03_T1w.nii', 0.99860245, 0.9934261, 0.9184502, 0.9986687, 0.9656016, 0.9989767, 0.99188995, 0.99517584, 0.9948835, 0.94194776, 0.9977047, 0.99919075, 0.9902552, 0.999923, 0.9986394, 0.98913705, 0.9835946, 0.99496245, 0.99044156, 0.99729174
'data/raw_data/sub-21/anat/sub-21_acq-t2tsepmcoff_rec-wre_run-02_T2w.nii', 0.9945133, 0.9991836, 0.99753904, 0.99365026, 0.99954814, 0.98878914, 0.9904193, 0.99587786, 0.9839984, 0.98336834, 0.9955206, 0.9990915, 0.993272, 0.9986659, 0.9999901, 0.9996049, 0.99878496, 0.9986865, 0.9982893, 0.9914806
'data/raw_data/sub-21/anat/sub-21_acq-mpragepmcoff_rec-wore_run-02_T1w.nii', 0.93791544, 0.9760384, 0.9703171, 0.997638, 0.9994294, 0.995552, 0.99088025, 0.9890837, 0.99942833, 0.9927532, 0.99349433, 0.99690753, 0.99442863, 0.99246347, 0.99264467, 0.98956, 0.9899212, 0.97651744, 0.98617804, 0.99693763
'data/raw_data/sub-21/anat/sub-21_acq-t2tsepmcoff_rec-wore_run-02_T2w.nii', 0.99895465, 0.99772066, 0.9843501, 0.99725795, 0.99987566, 0.99860555, 0.99977463, 0.99846953, 0.9521105, 0.9997731, 0.8686053, 0.99988925, 0.99989104, 0.9993999, 0.98935425, 0.9876252, 0.99364775, 0.99650586, 0.99977094, 0.8861647
'data/raw_data/sub-20/anat/sub-20_acq-mpragepmcoff_rec-wore_run-01_T1w.nii', 0.10282955, 0.003194057, 0.0017849733, 0.08150593, 0.03210735, 0.16613197, 0.9726591, 0.9142371, 0.21892758, 0.0040746266, 0.914425, 0.22881164, 0.18350895, 0.0045907944, 0.6241107, 0.2548649, 0.0029292416, 0.4145578, 0.2015422, 0.00060907507
'data/raw_data/sub-20/anat/sub-20_acq-t2tsepmcoff_rec-wre_run-02_T2w.nii', 0.89169747, 0.8824552, 0.9928477, 0.99146664, 0.973961, 0.6537962, 0.9154127, 0.9944402, 0.95073664, 0.9405574, 0.9694309, 0.8594484, 0.99385566, 0.9767378, 0.9870696, 0.9375187, 0.8057509, 0.67434335, 0.79359996, 0.94443333
'data/raw_data/sub-20/anat/sub-20_acq-mpragepmcoff_rec-wore_run-02_T1w.nii', 0.99833775, 0.2891628, 0.974772, 0.8602669, 0.8728285, 0.8235459, 0.7145562, 0.8468476, 0.9637193, 0.9698489, 0.91399187, 0.99312675, 0.9331585, 0.98664993, 0.9613082, 0.9433603, 0.98961335, 0.9806292, 0.8816569, 0.8659509
'data/raw_data/sub-20/anat/sub-20_acq-mpragepmcoff_rec-wre_run-02_T1w.nii', 0.9845702, 0.9954568, 0.98089886, 0.9964658, 0.99730885, 0.9986339, 0.99334383, 0.9792463, 0.93912107, 0.9628888, 0.9962126, 0.88709706, 0.9412073, 0.9177595, 0.6106461, 0.47457647, 0.9932098, 0.9424788, 0.9966966, 0.96112317
'data/raw_data/sub-20/anat/sub-20_acq-mpragepmcoff_rec-wre_run-03_T1w.nii', 0.9844379, 0.8385585, 0.9984921, 0.99861443, 0.9371386, 0.97978663, 0.9919634, 0.989451, 0.92343324, 0.99096394, 0.9881188, 0.94445014, 0.83553046, 0.8797953, 0.9630483, 0.9417866, 0.98981947, 0.99885154, 0.9920513, 0.98437446
'data/raw_data/sub-20/anat/sub-20_acq-mpragepmcoff_rec-wore_run-03_T1w.nii', 0.9902012, 0.9588492, 0.9973876, 0.9952644, 0.9921651, 0.9939021, 0.9985837, 0.9982911, 0.9689507, 0.99875677, 0.89193636, 0.9670641, 0.9990625, 0.8774238, 0.97909373, 0.9989139, 0.99854624, 0.9818157, 0.91137457, 0.99980336
'data/raw_data/sub-20/anat/sub-20_acq-t1tirmpmcoff_rec-wre_run-02_T1w.nii', 0.9935875, 0.9876787, 0.96499676, 0.96290344, 0.9884255, 0.97520643, 0.9970599, 0.99124134, 0.9747093, 0.9959864, 0.9980185, 0.9846581, 0.9655725, 0.99588484, 0.96188843, 0.99551195, 0.9856451, 0.978829, 0.99599946, 0.9805397
'data/raw_data/sub-20/anat/sub-20_acq-t1tirmpmcoff_rec-wore_run-01_T1w.nii', 0.9746927, 0.9107067, 0.99232, 0.99199945, 0.9940422, 0.97272676, 0.9969139, 0.99618053, 0.98878074, 0.9968886, 0.9813316, 0.9914657, 0.94898295, 0.9761825, 0.9929519, 0.99291384, 0.99632025, 0.9864645, 0.9833114, 0.9410649
'data/raw_data/sub-20/anat/sub-20_acq-t2starpmcoff_rec-wore_run-01_T2starw.nii', 0.99403137, 0.99668866, 0.9304616, 0.9987472, 0.984568, 0.99506205, 0.9224603, 0.9843688, 0.9983278, 0.9999676, 0.99962187, 0.9844359, 0.99397296, 0.9992415, 0.99417096, 0.7560349, 0.8428667, 0.99807644, 0.99426347, 0.7675466
'data/raw_data/sub-20/anat/sub-20_acq-t2tsepmcoff_rec-wore_run-01_T2w.nii', 0.9602073, 0.9528582, 0.511449, 0.95437664, 0.54973465, 0.62968624, 0.99592245, 0.9765771, 0.8865562, 0.84589577, 0.56853235, 0.9996234, 0.96024156, 0.99665487, 0.579734, 0.9589865, 0.9998192, 0.8443336, 0.97626615, 0.9177925
'data/raw_data/sub-20/anat/sub-20_acq-t1tirmpmcoff_rec-wore_run-02_T1w.nii', 0.9912669, 0.98887503, 0.99601114, 0.98137176, 0.9644638, 0.95354974, 0.96670055, 0.99768424, 0.9936213, 0.9932903, 0.99591416, 0.98733217, 0.96672004, 0.9946321, 0.9924378, 0.9944675, 0.9913111, 0.9680045, 0.98798466, 0.990293
'data/raw_data/sub-20/anat/sub-20_acq-t2starpmcoff_rec-wore_run-02_T2starw.nii', 0.9994936, 0.9995763, 0.99922204, 0.9970812, 0.9985258, 0.9984548, 0.99582577, 0.99573636, 0.9986267, 0.9952486, 0.99757093, 0.9997745, 0.9998759, 0.9996458, 0.9986272, 0.9994031, 0.9999764, 0.9978612, 0.99904555, 0.9967168
'data/raw_data/sub-20/anat/sub-20_acq-t2tsepmcoff_rec-wore_run-02_T2w.nii', 0.9914904, 0.891017, 0.9763123, 0.90773267, 0.89081794, 0.99568, 0.9782286, 0.8492786, 0.95779574, 0.7521014, 0.99120516, 0.96657795, 0.99321574, 0.9259923, 0.8924858, 0.99842536, 0.9893702, 0.9714507, 0.9519696, 0.9767089
'data/raw_data/sub-18/anat/sub-18_acq-t1tirmpmcoff_rec-wore_run-01_T1w.nii', 0.9969831, 0.9948866, 0.93522465, 0.989668, 0.9964288, 0.9869342, 0.9439136, 0.98253125, 0.9749326, 0.9854659, 0.9658649, 0.99792385, 0.99538547, 0.97502553, 0.99608696, 0.9765255, 0.96782637, 0.9586468, 0.9927978, 0.99299544
'data/raw_data/sub-18/anat/sub-18_acq-mpragepmcoff_rec-wre_run-03_T1w.nii', 0.964312, 0.99644864, 0.98219115, 0.95296836, 0.9131013, 0.97991186, 0.7690227, 0.489467, 0.798147, 0.9877122, 0.11714399, 0.95758146, 0.9958402, 0.8053059, 0.45937485, 0.40927026, 0.4573097, 0.9841995, 0.4090087, 0.08678834
'data/raw_data/sub-18/anat/sub-18_acq-t1tirmpmcoff_rec-wre_run-02_T1w.nii', 0.9694708, 0.99869555, 0.98921263, 0.91495764, 0.99230653, 0.98222846, 0.9656263, 0.98801374, 0.97202015, 0.9915405, 0.99611783, 0.9784022, 0.9912874, 0.99668926, 0.9816522, 0.97228944, 0.9903357, 0.98977613, 0.9834494, 0.98810965
'data/raw_data/sub-18/anat/sub-18_acq-t1tirmpmcoff_rec-wore_run-02_T1w.nii', 0.9748479, 0.990777, 0.99388003, 0.9985247, 0.9856383, 0.9737061, 0.99715, 0.99238646, 0.9968592, 0.9863673, 0.9829898, 0.98596036, 0.988937, 0.9539137, 0.98751485, 0.9857202, 0.977758, 0.96297675, 0.9940474, 0.9114758
'data/raw_data/sub-18/anat/sub-18_acq-mpragepmcoff_rec-wre_run-02_T1w.nii', 0.22942533, 0.71207345, 0.82094496, 0.7949316, 0.07539919, 0.93706805, 0.2372765, 0.6450769, 0.40988266, 0.32540295, 0.4885824, 0.48143524, 0.3324933, 0.441527, 0.834306, 0.99627966, 0.18462805, 0.3994945, 0.5444435, 0.9800254
'data/raw_data/sub-18/anat/sub-18_acq-t2starpmcoff_rec-wore_run-02_T2starw.nii', 0.98762727, 0.99545985, 0.9527003, 0.9988249, 0.9920942, 0.9939772, 0.99474686, 0.9936608, 0.99096406, 0.94619936, 0.9558198, 0.99050736, 0.99064684, 0.99028885, 0.9958947, 0.9674142, 0.9904255, 0.996798, 0.9666264, 0.9879935
'data/raw_data/sub-18/anat/sub-18_acq-t2tsepmcoff_rec-wore_run-01_T2w.nii', 0.012543054, 0.59051573, 0.66691196, 0.48602992, 0.11275702, 0.8288005, 0.9825263, 0.03587149, 0.53075385, 0.22237569, 0.2625029, 0.60517883, 0.044485297, 0.015794683, 0.5713848, 0.21386488, 0.47375458, 0.6499532, 0.9183109, 0.85696983
'data/raw_data/sub-18/anat/sub-18_acq-mpragepmcoff_rec-wore_run-01_T1w.nii', 0.9030356, 0.20797163, 0.25206715, 0.01374221, 0.7456616, 0.27115408, 0.4697932, 0.90234417, 0.9842381, 0.15319513, 0.2252253, 0.7514748, 0.80682164, 0.31351462, 0.037626535, 0.5987571, 0.5214226, 0.31781507, 0.23982745, 0.032523736
'data/raw_data/sub-18/anat/sub-18_acq-t2tsepmcoff_rec-wre_run-02_T2w.nii', 0.009773071, 0.004342135, 0.010754331, 0.045673404, 0.04347312, 0.00041380792, 0.0015255241, 0.008573719, 0.012767634, 0.00047527294, 0.0024910576, 0.51187694, 0.011080601, 0.0030904824, 0.016948352, 0.026227167, 0.010172534, 0.5346777, 0.0021605918, 0.061935525
'data/raw_data/sub-18/anat/sub-18_acq-t2tsepmcoff_rec-wore_run-02_T2w.nii', 0.7294137, 0.008629382, 0.034395497, 0.20616855, 0.49235427, 0.19866993, 0.09390776, 0.94592345, 0.26582092, 0.0427824, 0.212356, 0.5677704, 0.124681495, 0.26272404, 0.01609142, 0.6605325, 0.15261586, 0.56218636, 0.5997315, 0.15576059
'data/raw_data/sub-18/anat/sub-18_acq-mpragepmcoff_rec-wore_run-03_T1w.nii', 0.9796957, 0.7770952, 0.25892696, 0.9745079, 0.60892326, 0.39809173, 0.99105155, 0.9923477, 0.95690334, 0.025933497, 0.9901451, 0.94230235, 0.9067072, 0.43092105, 0.99874866, 0.33224547, 0.6014594, 0.990457, 0.98567945, 0.8839299
'data/raw_data/sub-18/anat/sub-18_acq-mpragepmcoff_rec-wore_run-02_T1w.nii', 0.90279144, 0.94075805, 0.9326602, 0.90046483, 0.82947636, 0.7480493, 0.69506997, 0.90705246, 0.898724, 0.6662363, 0.86131114, 0.9736728, 0.6542942, 0.9861946, 0.6616936, 0.9050648, 0.5294365, 0.8764106, 0.94466835, 0.8775868
'data/raw_data/sub-18/anat/sub-18_acq-t2starpmcoff_rec-wore_run-01_T2starw.nii', 0.9523876, 0.8360011, 0.9827717, 0.94816077, 0.9643007, 0.92635125, 0.9840072, 0.9944289, 0.78734905, 0.9147274, 0.9343142, 0.88701105, 0.9267154, 0.9548167, 0.7439419, 0.8838666, 0.38881987, 0.99242365, 0.6837527, 0.8130662
'data/raw_data/sub-11/anat/sub-11_acq-t1tirmpmcoff_rec-wre_run-02_T1w.nii', 0.98709804, 0.9807927, 0.9896487, 0.9930265, 0.9795537, 0.9979539, 0.99886215, 0.9925513, 0.9933676, 0.99637526, 0.98525375, 0.95895034, 0.972013, 0.9923943, 0.999574, 0.9968817, 0.98447984, 0.989754, 0.9956548, 0.96180475
'data/raw_data/sub-11/anat/sub-11_acq-mpragepmcoff_rec-wre_run-03_T1w.nii', 0.9246393, 0.9289727, 0.93960667, 0.9995946, 0.97561157, 0.99215525, 0.9900523, 0.79461163, 0.9870401, 0.9880788, 0.2989377, 0.9960672, 0.993107, 0.96720093, 0.9806238, 0.8376228, 0.94439644, 0.8836081, 0.93241143, 0.9524983
'data/raw_data/sub-11/anat/sub-11_acq-mpragepmcoff_rec-wre_run-02_T1w.nii', 0.5383822, 0.58059967, 0.18556228, 0.47154343, 0.02394871, 0.93870795, 0.8746691, 0.22715022, 0.5513997, 0.39891234, 0.8976042, 0.55314034, 0.9147687, 0.3715951, 0.29383963, 0.9408405, 0.7213672, 0.63331336, 0.6038829, 0.013708439
'data/raw_data/sub-11/anat/sub-11_acq-t2starpmcoff_rec-wore_run-01_T2starw.nii', 0.99565864, 0.9890388, 0.9867181, 0.9969342, 0.9996119, 0.9924556, 0.9995053, 0.9804411, 0.9572072, 0.999079, 0.9558906, 0.9995202, 0.9984149, 0.9987018, 0.9976649, 0.9983157, 0.9964767, 0.98754835, 0.9993444, 0.99907184
'data/raw_data/sub-11/anat/sub-11_acq-mpragepmcoff_rec-wore_run-01_T1w.nii', 0.2547654, 0.7887242, 0.0015077695, 0.59615254, 0.01038982, 0.89580965, 0.37315127, 0.7181365, 0.47849983, 0.71904194, 0.16598256, 0.020220833, 0.010429957, 0.022003349, 0.21135537, 0.03367278, 0.06934469, 0.07990081, 0.850572, 0.9872247
'data/raw_data/sub-11/anat/sub-11_acq-t2starpmcoff_rec-wore_run-02_T2starw.nii', 0.99827564, 0.9996512, 0.99944216, 0.99960226, 0.9988281, 0.9823611, 0.9971583, 0.99706787, 0.9958878, 0.9948466, 0.9999001, 0.99973065, 0.9996278, 0.9998934, 0.99725133, 0.9999368, 0.9986131, 0.9986785, 0.99996185, 0.997993
'data/raw_data/sub-11/anat/sub-11_acq-mpragepmcoff_rec-wore_run-03_T1w.nii', 0.99436176, 0.9993861, 0.9949418, 0.98978174, 0.9936845, 0.9977709, 0.9924131, 0.99310654, 0.99976426, 0.9975051, 0.9909444, 0.994932, 0.99820626, 0.9996693, 0.9834911, 0.99054015, 0.99463993, 0.9891144, 0.99942017, 0.9793043
'data/raw_data/sub-11/anat/sub-11_acq-mpragepmcoff_rec-wore_run-02_T1w.nii', 0.56666476, 0.48094708, 0.35187098, 0.19543502, 0.71593225, 0.89760154, 0.96615344, 0.82507545, 0.046096176, 0.5908623, 0.47453904, 0.7010688, 0.8800278, 0.8945754, 0.81000745, 0.87409717, 0.6860343, 0.5541185, 0.90126956, 0.91312003
'data/raw_data/sub-11/anat/sub-11_acq-t2tsepmcoff_rec-wore_run-02_T2w.nii', 0.8564004, 0.20346193, 0.55078226, 0.9660085, 0.24719444, 0.8068265, 0.17053084, 0.3063318, 0.92256594, 0.049140256, 0.53489393, 0.94890773, 0.98375744, 0.776114, 0.9189938, 0.8061779, 0.9629655, 0.24652298, 0.054634187, 0.9346426
'data/raw_data/sub-11/anat/sub-11_acq-t1tirmpmcoff_rec-wore_run-01_T1w.nii', 0.99102026, 0.98218644, 0.99126476, 0.99447626, 0.9970817, 0.9939758, 0.98792773, 0.9003796, 0.99440056, 0.9634644, 0.95343024, 0.9913182, 0.9940129, 0.99058247, 0.9970848, 0.9911379, 0.99628276, 0.99208695, 0.9736843, 0.92117304
'data/raw_data/sub-11/anat/sub-11_acq-t2tsepmcoff_rec-wore_run-01_T2w.nii', 0.7999824, 0.124264576, 0.40301386, 0.95042866, 0.86885184, 0.93901795, 0.36111447, 0.396647, 0.9857897, 0.8280054, 0.38116738, 0.76333493, 0.96076363, 0.19954263, 0.9086888, 0.57952356, 0.7563828, 0.8992567, 0.9991673, 0.04480354
'data/raw_data/sub-11/anat/sub-11_acq-t1tirmpmcoff_rec-wore_run-02_T1w.nii', 0.99277836, 0.98732704, 0.99343216, 0.97364265, 0.9965167, 0.9775865, 0.9902632, 0.99146616, 0.9965677, 0.9853131, 0.99660313, 0.99337983, 0.98060375, 0.9842643, 0.99600005, 0.9592225, 0.99763536, 0.9984894, 0.9600443, 0.9849545
'data/raw_data/sub-11/anat/sub-11_acq-t2tsepmcoff_rec-wre_run-02_T2w.nii', 0.24834524, 0.7582663, 0.92251706, 0.4422101, 0.123013675, 0.0820823, 0.14471473, 0.8628932, 0.49352714, 0.35165077, 0.56109506, 0.564376, 0.4661529, 0.62180376, 0.3179791, 0.0024055808, 0.61908877, 0.8072843, 0.33214882, 0.9223769
'data/raw_data/sub-16/anat/sub-16_acq-mpragepmcoff_rec-wore_run-02_T1w.nii', 0.91569793, 0.4816295, 0.8427112, 0.5978058, 0.69524854, 0.9080622, 0.54936486, 0.9870092, 0.7617521, 0.94159555, 0.92099726, 0.6474278, 0.8297096, 0.95082706, 0.30389497, 0.76824826, 0.8166045, 0.5731605, 0.9423051, 0.50580287
'data/raw_data/sub-16/anat/sub-16_acq-mpragepmcoff_rec-wore_run-03_T1w.nii', 0.85727614, 0.78833586, 0.99488896, 0.7001021, 0.96938735, 0.29723048, 0.70223093, 0.95342857, 0.954149, 0.97261626, 0.80030936, 0.9082617, 0.9025915, 0.48224542, 0.97699624, 0.9063711, 0.8858168, 0.9619193, 0.9833761, 0.50556284
'data/raw_data/sub-16/anat/sub-16_acq-flairpmcoff_rec-wore_run-02_FLAIR.nii', 0.99642086, 0.9990602, 0.9998559, 0.99137974, 0.999158, 0.99486417, 0.999567, 0.9999541, 0.99985623, 0.99950516, 0.99398696, 0.99669147, 0.9990676, 0.99973875, 0.99318093, 0.9995834, 0.99988425, 0.99534273, 0.98825467, 0.99459237
'data/raw_data/sub-16/anat/sub-16_acq-t2tsepmcoff_rec-wre_run-02_T2w.nii', 0.002659712, 0.8838562, 0.9918268, 0.49338034, 0.3384197, 0.31830555, 0.72666526, 0.9883774, 0.81874466, 0.99467826, 0.97572154, 0.97394675, 0.67633075, 0.16833852, 0.9982855, 0.54766273, 0.9674857, 0.9737934, 0.3709302, 0.9982607
'data/raw_data/sub-16/anat/sub-16_acq-mpragepmcoff_rec-wore_run-01_T1w.nii', 0.22357146, 0.48520952, 0.20688203, 0.02017988, 0.0010884611, 0.010039384, 0.024289077, 0.0102716405, 0.13473478, 0.02263518, 0.0025409225, 0.00012603817, 0.010954007, 0.00014443853, 0.0006307777, 0.5742703, 0.0018113262, 0.0142154675, 0.00092168996, 0.0027499748
'data/raw_data/sub-16/anat/sub-16_acq-mpragepmcoff_rec-wre_run-03_T1w.nii', 0.8542648, 0.9433095, 0.72822773, 0.8083345, 0.9540845, 0.796564, 0.8397411, 0.85299665, 0.9822072, 0.41821223, 0.6613836, 0.9646681, 0.93240166, 0.84275967, 0.97452605, 0.66811764, 0.9397478, 0.13176046, 0.9360018, 0.8775418
'data/raw_data/sub-16/anat/sub-16_acq-t1tirmpmcoff_rec-wre_run-02_T1w.nii', 0.986984, 0.9932545, 0.99794024, 0.961699, 0.98255503, 0.9845532, 0.99422646, 0.9810666, 0.9923684, 0.93059784, 0.977253, 0.9397559, 0.9886097, 0.97719806, 0.99497765, 0.97901046, 0.9881936, 0.9873239, 0.9649505, 0.97437286
'data/raw_data/sub-16/anat/sub-16_acq-mpragepmcoff_rec-wre_run-02_T1w.nii', 0.88948804, 0.05472541, 0.90053976, 0.02050007, 0.4852366, 0.9637427, 0.09146936, 0.13838746, 0.5469199, 0.6966071, 0.019056354, 0.51828575, 0.57841563, 0.694314, 0.7776285, 0.37682706, 0.03405428, 0.009449447, 0.629014, 0.9303369
'data/raw_data/sub-16/anat/sub-16_acq-t2tsepmcoff_rec-wore_run-01_T2w.nii', 0.31034282, 0.7786673, 0.9359644, 0.039408896, 0.80875546, 0.6563555, 0.95341897, 0.122171566, 0.64189667, 0.0039008472, 0.9529434, 0.34714463, 0.7734766, 0.55107456, 0.91240096, 0.8692042, 0.026460541, 0.113401175, 0.90813005, 0.98429734
'data/raw_data/sub-16/anat/sub-16_acq-t1tirmpmcoff_rec-wore_run-02_T1w.nii', 0.9796482, 0.95146877, 0.97394365, 0.98937595, 0.9932226, 0.9814656, 0.9985489, 0.99089855, 0.98830324, 0.9492522, 0.9971125, 0.9976822, 0.9855334, 0.9976477, 0.9993767, 0.99653804, 0.91770846, 0.9978027, 0.99485403, 0.9983669
'data/raw_data/sub-16/anat/sub-16_acq-flairpmcoff_rec-wre_run-02_FLAIR.nii', 0.999915, 0.978272, 0.9999502, 0.99937063, 0.9999776, 0.9996722, 0.99906105, 0.999944, 0.9963865, 0.9953185, 0.9961862, 0.9984915, 0.99574655, 0.99999297, 0.9960704, 0.99389464, 0.99741995, 0.9999895, 0.9999771, 0.9993129
'data/raw_data/sub-16/anat/sub-16_acq-t1tirmpmcoff_rec-wore_run-01_T1w.nii', 0.97697735, 0.9949675, 0.98586637, 0.89900243, 0.994072, 0.9796903, 0.975083, 0.9842202, 0.9371782, 0.9705885, 0.9946366, 0.9728449, 0.9665696, 0.979328, 0.99253255, 0.9686526, 0.9796999, 0.962786, 0.9965463, 0.992273
'data/raw_data/sub-16/anat/sub-16_acq-t2tsepmcoff_rec-wore_run-02_T2w.nii', 0.9979304, 0.9054218, 0.89752346, 0.0075494344, 0.9408448, 0.17441079, 0.68896097, 0.96212953, 0.83013237, 0.009769903, 0.7655446, 0.99968576, 0.38993633, 0.8151391, 0.990086, 0.71189475, 0.98450667, 0.094289035, 0.712084, 0.9505466
'data/raw_data/sub-16/anat/sub-16_acq-flairpmcoff_rec-wore_run-01_FLAIR.nii', 0.99916255, 0.99417096, 0.9999418, 0.9997776, 0.99571073, 0.99989533, 0.99988115, 0.99989057, 0.99108034, 0.99617743, 0.9981798, 0.999292, 0.997877, 0.9992446, 0.9914381, 0.9998516, 0.98478496, 0.97062737, 0.9999372, 0.99974006
'data/raw_data/sub-05/anat/sub-05_acq-t2tsepmcoff_rec-wore_run-01_T2w.nii', 0.2424637, 0.347004, 0.8712294, 0.11560123, 0.9989459, 0.77418137, 0.9816139, 0.53671837, 0.10827171, 0.63683224, 0.32352164, 0.9925086, 0.9980404, 0.9927428, 0.9833851, 0.07777262, 0.5422773, 0.4538003, 0.87924284, 0.09544818
'data/raw_data/sub-05/anat/sub-05_acq-flairpmcoff_rec-wore_run-01_FLAIR.nii', 0.92850274, 0.9970687, 0.9998665, 0.9999826, 0.99993885, 0.99974114, 0.99974066, 0.99795306, 0.9995235, 0.99959975, 0.99808985, 0.9993112, 0.99996936, 0.99930024, 0.9995633, 0.99966776, 0.9996057, 0.99721646, 0.99967194, 0.99722195
'data/raw_data/sub-05/anat/sub-05_acq-t2tsepmcoff_rec-wre_run-02_T2w.nii', 0.65975165, 0.99969804, 0.99620134, 0.98174644, 0.84428346, 0.99831235, 0.9690449, 0.9666284, 0.9247772, 0.6792163, 0.9967188, 0.38073522, 0.95912355, 0.9769843, 0.9999571, 0.9660997, 0.9926682, 0.9640768, 0.5302435, 0.8005856
'data/raw_data/sub-05/anat/sub-05_acq-mpragepmcoff_rec-wore_run-01_T1w.nii', 0.54659283, 0.049022324, 0.465997, 0.43499956, 0.84347427, 0.53895843, 0.17966595, 0.43192673, 0.011342485, 0.4896996, 0.8157755, 0.33006203, 0.006402677, 0.300624, 0.019171359, 0.9879358, 0.080476426, 0.0030328857, 0.988308, 0.98117656
'data/raw_data/sub-05/anat/sub-05_acq-mpragepmcoff_rec-wore_run-03_T1w.nii', 0.9062688, 0.98727566, 0.9777564, 0.9527508, 0.9449772, 0.9907828, 0.9728107, 0.9821484, 0.8289991, 0.76328915, 0.96137697, 0.8921221, 0.95972866, 0.8588237, 0.9623658, 0.9490285, 0.9698602, 0.997068, 0.9630758, 0.82492924
'data/raw_data/sub-05/anat/sub-05_acq-t2tsepmcoff_rec-wore_run-02_T2w.nii', 0.2772591, 0.9952146, 0.97262067, 0.2251903, 0.85863525, 0.734255, 0.9956755, 0.4402839, 0.19097416, 0.7483916, 0.9991103, 0.731628, 0.95897996, 0.97298074, 0.92502564, 0.94626737, 0.93101335, 0.9941445, 0.985696, 0.95933956
'data/raw_data/sub-05/anat/sub-05_acq-mpragepmcoff_rec-wore_run-02_T1w.nii', 0.018015789, 0.12903349, 0.057275385, 0.5819537, 0.7198405, 0.8618906, 0.34035662, 0.7685237, 0.37723693, 0.21469118, 0.5089253, 0.04072513, 0.3259216, 0.073941655, 0.2954809, 0.004713405, 0.2542189, 0.24754985, 0.4287293, 0.86011314
'data/raw_data/sub-05/anat/sub-05_acq-t1tirmpmcoff_rec-wore_run-01_T1w.nii', 0.99910337, 0.98096335, 0.98522884, 0.99998975, 0.99600345, 0.99746954, 0.98967826, 0.9928149, 0.9953341, 0.9940441, 0.9974509, 0.98779976, 0.99837, 0.99697256, 0.95929873, 0.99910754, 0.9985092, 0.9969988, 0.9953869, 0.9947385
'data/raw_data/sub-05/anat/sub-05_acq-t1tirmpmcoff_rec-wre_run-02_T1w.nii', 0.9511458, 0.97299486, 0.95615864, 0.99647814, 0.9536309, 0.9893463, 0.99772674, 0.99378055, 0.99933213, 0.9997702, 0.9829879, 0.98573375, 0.97911936, 0.9964378, 0.99522406, 0.9995596, 0.9981439, 0.98270744, 0.9953686, 0.9994037
'data/raw_data/sub-05/anat/sub-05_acq-flairpmcoff_rec-wre_run-02_FLAIR.nii', 0.9999999, 0.9981517, 0.998645, 0.9989868, 0.9999597, 0.9978102, 0.99228024, 0.99942017, 0.99161303, 0.99992335, 0.99989176, 0.9849123, 0.9997503, 0.9997421, 0.9984571, 0.99983823, 0.9999957, 0.99989414, 0.99943787, 0.9083827
'data/raw_data/sub-05/anat/sub-05_acq-mpragepmcoff_rec-wre_run-03_T1w.nii', 0.9944956, 0.9568319, 0.99563676, 0.99343926, 0.9981048, 0.99878055, 0.9970228, 0.9908234, 0.9725346, 0.99048525, 0.99644995, 0.99258476, 0.9967552, 0.9983235, 0.99693656, 0.99181706, 0.99581015, 0.9994899, 0.9980253, 0.9987208
'data/raw_data/sub-05/anat/sub-05_acq-t1tirmpmcoff_rec-wore_run-02_T1w.nii', 0.99798965, 0.9918333, 0.9785799, 0.99711585, 0.998466, 0.99899596, 0.999622, 0.9767085, 0.99264693, 0.99061894, 0.9977488, 0.99757665, 0.9994475, 0.994603, 0.99839765, 0.99953353, 0.9910198, 0.9975733, 0.9916496, 0.9994147
'data/raw_data/sub-05/anat/sub-05_acq-mpragepmcoff_rec-wre_run-02_T1w.nii', 0.9721132, 0.015779302, 0.058897115, 0.44715172, 0.14193374, 0.88441795, 0.9292922, 0.79585975, 0.5435546, 0.45868543, 0.2476064, 0.87038004, 0.7979077, 0.6640319, 0.078702964, 0.08779048, 0.8745418, 0.71204126, 0.97431606, 0.37150976
'data/raw_data/sub-05/anat/sub-05_acq-flairpmcoff_rec-wore_run-02_FLAIR.nii', 0.97076607, 0.9562526, 0.99994135, 0.99972063, 0.99993217, 0.9975677, 0.99973196, 0.9406277, 0.9972984, 0.9999474, 0.97026414, 0.99932384, 0.99984777, 0.99999225, 0.99973387, 0.99792886, 0.9927285, 0.98382527, 0.99909353, 0.9981534
'data/raw_data/sub-02/anat/sub-02_acq-t2tsepmcoff_rec-wore_run-02_T2w.nii', 0.9438661, 0.9891403, 0.9525448, 0.9796499, 0.99250233, 0.9987577, 0.98578995, 0.9976775, 0.99555796, 0.9927442, 0.9962127, 0.9968003, 0.9363666, 0.9934274, 0.992939, 0.9821393, 0.9658471, 0.9309336, 0.9736946, 0.9718838
'data/raw_data/sub-02/anat/sub-02_acq-mpragepmcoff_rec-wore_run-02_T1w.nii', 0.9993254, 0.9996705, 0.9820909, 0.998447, 0.99610716, 0.996888, 0.99884194, 0.9992374, 0.99963117, 0.9962213, 0.9706178, 0.99203, 0.99645907, 0.9998467, 0.99106884, 0.9910802, 0.99987733, 0.9698204, 0.99254066, 0.9966859
'data/raw_data/sub-02/anat/sub-02_acq-flairpmcoff_rec-wore_run-01_FLAIR.nii', 0.94332266, 0.9995184, 0.96838903, 0.9998323, 0.99622107, 0.98748827, 0.9998827, 0.99988663, 0.9992681, 0.90854454, 0.9969855, 0.98682004, 0.999199, 0.987768, 0.9928011, 0.99932516, 0.99704295, 0.99942636, 0.9998522, 0.9994667
'data/raw_data/sub-02/anat/sub-02_acq-mpragepmcoff_rec-wore_run-03_T1w.nii', 0.9236604, 0.9653345, 0.9913127, 0.9497285, 0.9927263, 0.98880845, 0.9974165, 0.9959467, 0.99772817, 0.93793887, 0.9907301, 0.9793849, 0.91005635, 0.99891627, 0.998665, 0.9979107, 0.76527375, 0.9931004, 0.9495598, 0.96581364
'data/raw_data/sub-02/anat/sub-02_acq-mpragepmcoff_rec-wore_run-01_T1w.nii', 0.47070926, 0.9998325, 0.99177366, 0.94211966, 0.98713756, 0.8368887, 0.9265146, 0.9552576, 0.8778962, 0.9980596, 0.67925686, 0.9907607, 0.974555, 0.9528435, 0.9704323, 0.9880932, 0.9529101, 0.9648082, 0.9986853, 0.9648989
'data/raw_data/sub-02/anat/sub-02_acq-t2tsepmcoff_rec-wore_run-01_T2w.nii', 0.82682496, 0.9729697, 0.9762264, 0.5987489, 0.9377499, 0.2701369, 0.7687884, 0.1275226, 0.85792667, 0.8060922, 0.9797809, 0.99794286, 0.89763105, 0.9947733, 0.92728186, 0.63943446, 0.06970866, 0.9617539, 0.28808475, 0.98906356
'data/raw_data/sub-02/anat/sub-02_acq-mpragepmcoff_rec-wre_run-03_T1w.nii', 0.99885607, 0.9983747, 0.9995216, 0.99924916, 0.996029, 0.99521255, 0.9865572, 0.99890673, 0.9909875, 0.98843944, 0.998531, 0.99845135, 0.9877774, 0.9987582, 0.95815974, 0.9523817, 0.9917191, 0.80093855, 0.99867564, 0.99933416
'data/raw_data/sub-02/anat/sub-02_acq-t2starpmcoff_rec-wore_run-01_T2starw.nii', 0.9600317, 0.93956846, 0.99908876, 0.98252434, 0.9886747, 0.9953975, 0.99486756, 0.9866224, 0.87764424, 0.97728443, 0.99105644, 0.995053, 0.99786854, 0.73102915, 0.9723236, 0.9996313, 0.9818781, 0.99913543, 0.99140364, 0.9987863
'data/raw_data/sub-02/anat/sub-02_acq-t1tirmpmcoff_rec-wore_run-02_T1w.nii', 0.99041325, 0.9842605, 0.989674, 0.98012275, 0.9893134, 0.9493952, 0.96896094, 0.98660827, 0.9944748, 0.9976178, 0.98862773, 0.98048717, 0.99837154, 0.9841868, 0.9903638, 0.97567594, 0.99340385, 0.9841814, 0.9751032, 0.99661875
'data/raw_data/sub-02/anat/sub-02_acq-t1tirmpmcoff_rec-wre_run-02_T1w.nii', 0.92886, 0.99268144, 0.9712394, 0.9929811, 0.9931524, 0.899998, 0.99920005, 0.9945304, 0.9972588, 0.99278367, 0.9851967, 0.99468493, 0.9936155, 0.9797355, 0.98684454, 0.99566746, 0.9942973, 0.9673826, 0.9946794, 0.99200237
'data/raw_data/sub-02/anat/sub-02_acq-mpragepmcoff_rec-wre_run-02_T1w.nii', 0.96856874, 0.9716842, 0.99551326, 0.9974246, 0.9752914, 0.99782526, 0.96481967, 0.99509877, 0.9879313, 0.9925776, 0.9995291, 0.99947876, 0.9988952, 0.9137098, 0.9975561, 0.94300026, 0.99852544, 0.99553645, 0.99712616, 0.9445066
'data/raw_data/sub-02/anat/sub-02_acq-flairpmcoff_rec-wre_run-02_FLAIR.nii', 0.9999038, 0.9991722, 0.9989115, 0.99996316, 0.99823016, 0.9990722, 0.9975147, 0.9991271, 0.99998987, 0.9505788, 0.98813266, 0.99968064, 0.9950411, 0.99746597, 0.9999281, 0.99955434, 0.9998369, 0.99810445, 0.9897367, 0.9972058
'data/raw_data/sub-02/anat/sub-02_acq-t1tirmpmcoff_rec-wore_run-01_T1w.nii', 0.9521219, 0.998279, 0.99062073, 0.97681636, 0.99744153, 0.9625576, 0.99809223, 0.9922191, 0.9792637, 0.9940487, 0.9994374, 0.9926346, 0.99874014, 0.9809559, 0.9943773, 0.9607887, 0.9952218, 0.9947277, 0.99876034, 0.971651
'data/raw_data/sub-02/anat/sub-02_acq-flairpmcoff_rec-wore_run-02_FLAIR.nii', 0.9780568, 0.9964005, 0.99997234, 0.99907076, 0.9998276, 0.9921381, 0.9998056, 0.9998272, 0.99650985, 0.9994956, 0.9999708, 0.99456376, 0.99870646, 0.990621, 0.99830663, 0.99987626, 0.9998368, 0.9865965, 0.9942872, 0.9983138
'data/raw_data/sub-02/anat/sub-02_acq-t2starpmcoff_rec-wore_run-02_T2starw.nii', 0.99483067, 0.99408215, 0.9989925, 0.999665, 0.99995685, 0.99984336, 0.999856, 0.99985576, 0.9392072, 0.9996723, 0.9924656, 0.991683, 0.9987419, 0.9996289, 0.9938326, 0.9726328, 0.9792701, 0.9981304, 0.9933391, 0.9995714
'data/raw_data/sub-02/anat/sub-02_acq-t2tsepmcoff_rec-wre_run-02_T2w.nii', 0.96739554, 0.9894476, 0.9789286, 0.9384355, 0.998468, 0.9916956, 0.9986651, 0.9788906, 0.96959823, 0.96018046, 0.9860145, 0.9361924, 0.95507556, 0.7717934, 0.9853312, 0.98620516, 0.99704945, 0.99693835, 0.95380193, 0.99112636
'data/raw_data/sub-03/anat/sub-03_acq-t2tsepmcoff_rec-wre_run-02_T2w.nii', 0.9492767, 0.9938378, 0.9997749, 0.99948174, 0.9970982, 0.999941, 0.99982077, 0.99988174, 0.9958533, 0.9993494, 0.9930623, 0.9995134, 0.99968326, 0.99944395, 0.9981268, 0.9981425, 0.9992192, 0.9994418, 0.9955712, 0.9976058
'data/raw_data/sub-03/anat/sub-03_acq-flairpmcoff_rec-wore_run-01_FLAIR.nii', 0.9998801, 0.99978215, 0.9929206, 0.9983829, 0.99910575, 0.9946203, 0.9999821, 0.95303786, 0.9997794, 0.99929297, 0.9857814, 0.8472632, 0.99915373, 0.9660637, 0.9911232, 0.9988643, 0.9884094, 0.9999101, 0.9833682, 0.9608509
'data/raw_data/sub-03/anat/sub-03_acq-flairpmcoff_rec-wre_run-02_FLAIR.nii', 0.99997914, 0.9807796, 0.9969398, 0.9776968, 0.9999702, 0.9952302, 0.99965084, 0.99790287, 0.97183716, 0.9995222, 0.9999012, 0.98268825, 0.9987816, 0.9983224, 0.99216014, 0.94080174, 0.999154, 0.9945399, 0.9997551, 0.9884926
'data/raw_data/sub-03/anat/sub-03_acq-t2tsepmcoff_rec-wore_run-02_T2w.nii', 0.9994765, 0.9988262, 0.99882096, 0.9974778, 0.9969482, 0.97139263, 0.9892091, 0.9998684, 0.99980384, 0.99991226, 0.99977344, 0.9735141, 0.99730456, 0.9956508, 0.9981345, 0.99799687, 0.9974268, 0.98429745, 0.9984694, 0.9996909
'data/raw_data/sub-03/anat/sub-03_acq-t2starpmcoff_rec-wore_run-02_T2starw.nii', 0.98663527, 0.8720604, 0.9994481, 0.9250503, 0.9909531, 0.9977842, 0.9988992, 0.97123754, 0.98016, 0.998965, 0.9972029, 0.99827814, 0.98269343, 0.99865216, 0.9348751, 0.98233676, 0.983176, 0.8704186, 0.99966824, 0.9949562
'data/raw_data/sub-03/anat/sub-03_acq-t1tirmpmcoff_rec-wore_run-02_T1w.nii', 0.9762013, 0.99934787, 0.9855472, 0.99116266, 0.99984324, 0.95199203, 0.98333305, 0.99928504, 0.9907363, 0.99219114, 0.9989599, 0.99833244, 0.999156, 0.99994886, 0.9757224, 0.98749757, 0.99632335, 0.9962161, 0.98714286, 0.9140526
'data/raw_data/sub-03/anat/sub-03_acq-t2tsepmcoff_rec-wore_run-01_T2w.nii', 0.062494636, 0.95611817, 0.85283613, 0.041175738, 0.98940396, 0.8894618, 0.18098569, 0.118575044, 0.059896063, 0.30859435, 0.6928737, 0.63205224, 0.9953009, 0.24916263, 0.99865496, 0.98209697, 0.9551335, 0.99850154, 0.52466154, 0.095796175
'data/raw_data/sub-03/anat/sub-03_acq-t2starpmcoff_rec-wore_run-01_T2starw.nii', 0.034726452, 0.09055936, 0.28590253, 0.27947402, 0.7451681, 0.39571795, 0.89173925, 0.85586137, 0.3275621, 0.60164666, 0.9147886, 0.7482075, 0.15533665, 0.13696793, 0.95950204, 0.024274714, 0.9415164, 0.24917765, 0.019733228, 0.05917161
'data/raw_data/sub-03/anat/sub-03_acq-t1tirmpmcoff_rec-wore_run-01_T1w.nii', 0.99709845, 0.9980788, 0.9994906, 0.9931994, 0.9921399, 0.9860773, 0.9952077, 0.9777259, 0.9724564, 0.9940502, 0.9969317, 0.9926905, 0.9973291, 0.9992042, 0.99475574, 0.989193, 0.99410254, 0.994055, 0.99388665, 0.9984511
'data/raw_data/sub-03/anat/sub-03_acq-t1tirmpmcoff_rec-wre_run-02_T1w.nii', 0.9987437, 0.99065644, 0.9677242, 0.9965108, 0.9953685, 0.9605007, 0.9955713, 0.9960821, 0.9949463, 0.99460936, 0.98974985, 0.9919966, 0.7389215, 0.99847966, 0.9994487, 0.98935634, 0.99053687, 0.9993073, 0.9964102, 0.982758
'data/raw_data/sub-03/anat/sub-03_acq-mpragepmcoff_rec-wore_run-03_T1w.nii', 0.24692197, 0.019589838, 0.98042345, 0.23104881, 0.9013184, 0.39678058, 0.9462795, 0.36321428, 0.94042546, 0.8393761, 0.9836373, 0.9816445, 0.99253666, 0.8444153, 0.21058851, 0.93524915, 0.9522849, 0.802845, 0.36618412, 0.96155614
'data/raw_data/sub-03/anat/sub-03_acq-mpragepmcoff_rec-wre_run-03_T1w.nii', 0.27674928, 0.9753609, 0.0925474, 0.5591426, 0.93843925, 0.36224028, 0.95659596, 0.24925701, 0.93237877, 0.080195524, 0.6197441, 0.4938012, 0.9985689, 0.20217264, 0.41765553, 0.8372317, 0.86727303, 0.92897695, 0.9914977, 0.90147406
'data/raw_data/sub-03/anat/sub-03_acq-mpragepmcoff_rec-wore_run-02_T1w.nii', 0.99749607, 0.9323085, 0.9545455, 0.74925816, 0.93983406, 0.68294865, 0.59744745, 0.93843895, 0.9655636, 0.7507182, 0.97660166, 0.9329818, 0.8542722, 0.84256405, 0.9579131, 0.6688906, 0.908854, 0.92355394, 0.97399646, 0.8546693
'data/raw_data/sub-03/anat/sub-03_acq-mpragepmcoff_rec-wre_run-02_T1w.nii', 0.4478003, 0.01914, 0.66444325, 0.03717829, 0.051816832, 0.046257753, 0.54355335, 0.12650718, 0.15451819, 0.5244825, 0.86617106, 0.96573156, 0.44642094, 0.32570022, 0.01616229, 0.15377235, 0.52181756, 0.676702, 0.94465625, 0.37374273
'data/raw_data/sub-03/anat/sub-03_acq-flairpmcoff_rec-wore_run-02_FLAIR.nii', 0.99890995, 0.994538, 0.9977016, 0.99724317, 0.9895084, 0.99693537, 0.9947237, 0.9716187, 0.98431075, 0.9976792, 0.9892356, 0.99697745, 0.99705815, 0.9982608, 0.93230045, 0.99681515, 0.99807173, 0.99420244, 0.98809206, 0.9947731
'data/raw_data/sub-03/anat/sub-03_acq-mpragepmcoff_rec-wore_run-01_T1w.nii', 0.525103, 0.02442478, 0.0034792922, 0.015045032, 0.997592, 0.063938834, 0.7627247, 0.2406094, 0.034533378, 0.073112875, 0.8981725, 0.07199285, 0.0033571017, 0.28862682, 0.9899356, 0.0009669455, 0.53548586, 0.056369513, 0.019116336, 0.42939627
'data/raw_data/sub-04/anat/sub-04_acq-t1tirmpmcoff_rec-wore_run-01_T1w.nii', 0.9955414, 0.99234504, 0.99606293, 0.9968946, 0.98560053, 0.93482715, 0.9953105, 0.98234093, 0.9933729, 0.9973701, 0.9515874, 0.9716483, 0.99071324, 0.94849646, 0.99010324, 0.99474734, 0.97458935, 0.9959117, 0.9957137, 0.9965149
'data/raw_data/sub-04/anat/sub-04_acq-t2tsepmcoff_rec-wore_run-01_T2w.nii', 0.9929953, 0.9991893, 0.99928635, 0.98698694, 0.9476776, 0.99249154, 0.9576813, 0.99715036, 0.9966215, 0.9862666, 0.97333205, 0.99214995, 0.99862504, 0.92264086, 0.9537304, 0.9967654, 0.99745685, 0.9929128, 0.9957508, 0.9994585
'data/raw_data/sub-04/anat/sub-04_acq-flairpmcoff_rec-wore_run-01_FLAIR.nii', 0.9996306, 0.88826483, 0.9997719, 0.99955136, 0.9633779, 0.9922472, 0.986187, 0.9993253, 0.9926968, 0.9995455, 0.9688419, 0.99784386, 0.9985176, 0.9415179, 0.99854183, 0.9000828, 0.94919926, 0.99344105, 0.99768555, 0.9995449
'data/raw_data/sub-04/anat/sub-04_acq-t2tsepmcoff_rec-wore_run-02_T2w.nii', 0.9918651, 0.9998048, 0.99822694, 0.9976666, 0.9674919, 0.99867946, 0.99194324, 0.9992066, 0.99121666, 0.9993542, 0.99917525, 0.9884354, 0.99571973, 0.9994506, 0.9967334, 0.99994624, 0.99964094, 0.9996269, 0.9997123, 0.9999448
'data/raw_data/sub-04/anat/sub-04_acq-t1tirmpmcoff_rec-wore_run-02_T1w.nii', 0.987941, 0.99872357, 0.9865382, 0.98953456, 0.99484235, 0.99151564, 0.9978629, 0.99498713, 0.94648236, 0.99181706, 0.996433, 0.9659665, 0.9816357, 0.9973037, 0.9514255, 0.9929085, 0.9620453, 0.9942226, 0.9908007, 0.9981502
'data/raw_data/sub-04/anat/sub-04_acq-flairpmcoff_rec-wre_run-02_FLAIR.nii', 0.99074805, 0.9872909, 0.8617322, 0.98979247, 0.9874543, 0.9608081, 0.96543217, 0.97839236, 0.34212893, 0.9924442, 0.999488, 0.97381115, 0.9911033, 0.9911176, 0.99997103, 0.7853017, 0.99066436, 0.99240017, 0.9956657, 0.99868065
'data/raw_data/sub-04/anat/sub-04_acq-mpragepmcoff_rec-wore_run-01_T1w.nii', 0.893397, 0.9969965, 0.88035816, 0.912268, 0.20250526, 0.9905123, 0.0005862754, 0.8524629, 0.27596503, 0.049989797, 0.99363494, 0.19233233, 0.01225276, 0.30804357, 0.9388165, 0.4406246, 0.6263705, 0.0029182294, 0.9711194, 0.10395418
'data/raw_data/sub-04/anat/sub-04_acq-mpragepmcoff_rec-wre_run-03_T1w.nii', 0.9993063, 0.9950138, 0.9981477, 0.9981622, 0.9911624, 0.9990139, 0.99927825, 0.9994941, 0.9989128, 0.99886274, 0.9961547, 0.75804263, 0.9996213, 0.9994822, 0.5700227, 0.9992194, 0.99996436, 0.996327, 0.98844063, 0.9992144
'data/raw_data/sub-04/anat/sub-04_acq-t2tsepmcoff_rec-wre_run-02_T2w.nii', 0.9991911, 0.9999685, 0.9989034, 0.9999758, 0.99816436, 0.99978524, 0.9976534, 0.9998167, 0.99500906, 0.99785954, 0.98590034, 0.99870133, 0.9892217, 0.9966505, 0.99887735, 0.9998801, 0.9993135, 0.999509, 0.99944884, 0.9926339
'data/raw_data/sub-04/anat/sub-04_acq-t1tirmpmcoff_rec-wre_run-02_T1w.nii', 0.99777955, 0.99242777, 0.9945102, 0.99180764, 0.9989851, 0.99252725, 0.99497896, 0.9970579, 0.99172103, 0.9877822, 0.9375848, 0.99718493, 0.99856794, 0.9918223, 0.99688894, 0.9975648, 0.9944924, 0.9978255, 0.9890949, 0.99818534
'data/raw_data/sub-04/anat/sub-04_acq-mpragepmcoff_rec-wore_run-02_T1w.nii', 0.87068486, 0.9822259, 0.9988833, 0.9306321, 0.08794908, 0.92331934, 0.99468994, 0.9968658, 0.97429854, 0.62392724, 0.8188432, 0.95327526, 0.98947304, 0.25393963, 0.6290402, 0.7475564, 0.9921888, 0.5295566, 0.8359371, 0.7318713
'data/raw_data/sub-04/anat/sub-04_acq-flairpmcoff_rec-wore_run-02_FLAIR.nii', 0.9811075, 0.99669206, 0.9528505, 0.94978744, 0.96476185, 0.9886108, 0.87968457, 0.95993894, 0.99722075, 0.9970995, 0.8422939, 0.982495, 0.9016587, 0.9230314, 0.986834, 0.9072546, 0.99997544, 0.99380916, 0.9934237, 0.9965863
'data/raw_data/sub-04/anat/sub-04_acq-mpragepmcoff_rec-wore_run-03_T1w.nii', 0.98340374, 0.99743915, 0.9918839, 0.9907284, 0.9994419, 0.96630794, 0.9929518, 0.9999825, 0.9982369, 0.74746364, 0.9357719, 0.9963057, 0.99752766, 0.99939907, 0.99392784, 0.9643628, 0.9920946, 0.99996996, 0.9996556, 0.9989229
'data/raw_data/sub-04/anat/sub-04_acq-mpragepmcoff_rec-wre_run-02_T1w.nii', 0.9042161, 0.89676106, 0.9255927, 0.92234206, 0.08338186, 0.37575606, 0.110127404, 0.99370885, 0.99096256, 0.9857491, 0.9954529, 0.67527884, 0.8681243, 0.26986134, 0.519073, 0.43420053, 0.055934735, 0.31953505, 0.014808215, 0.9413285
