'AIBL/1073.flair_flair_orig.nii.gz', 0.9527541, 0.99410194, 0.9985769, 0.984951, 0.9791078, 0.9020528, 0.9990345, 0.9966394, 0.99969614, 0.9982455, 0.99816483, 0.9956494, 0.99887735, 0.99700934, 0.99868387, 0.99557084, 0.99347925, 0.9877101, 0.98883003, 0.9995016
'AIBL/1073.t1_t1_orig.nii.gz', 0.6128787, 0.23223269, 0.5895907, 0.9558074, 0.98728555, 0.50766784, 0.96874464, 0.9988807, 0.9890632, 0.9988959, 0.930565, 0.09593106, 0.9799732, 0.955576, 0.95647955, 0.4529107, 0.97809327, 0.45326927, 0.6278229, 0.85164815
'AIBL/1384.flair_flair_orig.nii.gz', 0.9826025, 0.8291036, 0.9968727, 0.99917525, 0.9871832, 0.9832224, 0.9981822, 0.88972837, 0.9959109, 0.98561436, 0.87640685, 0.9952427, 0.9939558, 0.9863565, 0.99996936, 0.99994755, 0.99829406, 0.9862386, 0.9984469, 0.99800986
'AIBL/1384.t1_t1_orig.nii.gz', 0.9946131, 0.95603615, 0.9876589, 0.9301593, 0.9605874, 0.9948296, 0.99528605, 0.6701951, 0.7899483, 0.96548826, 0.99398524, 0.9942924, 0.98230034, 0.98974013, 0.48906893, 0.99130356, 0.99707377, 0.9885485, 0.9981311, 0.998307
'AIBL/1478.flair_flair_orig.nii.gz', 0.9944782, 0.98815197, 0.963174, 0.9182811, 0.97747225, 0.99733824, 0.9915371, 0.921098, 0.76466143, 0.9919485, 0.9694864, 0.9885739, 0.99384236, 0.97579455, 0.9917732, 0.9676646, 0.9788598, 0.98627836, 0.9298778, 0.89452505
'AIBL/1478.t1_t1_orig.nii.gz', 0.48169437, 0.5143369, 0.93835986, 0.6025885, 0.86279064, 0.3944089, 0.7510575, 0.8352353, 0.97426605, 0.91721547, 0.65261847, 0.81411743, 0.7193973, 0.977265, 0.18622914, 0.91674244, 0.5584934, 0.917658, 0.23800129, 0.09944211
'AIBL/1479.flair_flair_orig.nii.gz', 0.99116874, 0.9637281, 0.9992685, 0.9975744, 0.99904245, 0.9993185, 0.9687728, 0.9985989, 0.9865971, 0.9976255, 0.9986313, 0.99382836, 0.9981646, 0.9992224, 0.98038554, 0.99944824, 0.9969657, 0.9922954, 0.99928844, 0.9910601
'AIBL/1479.t1_t1_orig.nii.gz', 0.9593739, 0.8776368, 0.9899593, 0.99430346, 0.84880704, 0.79409176, 0.8438137, 0.35267207, 0.4568226, 0.32758602, 0.65765184, 0.86221385, 0.9686558, 0.85690796, 0.7815324, 0.37857243, 0.97590417, 0.97514844, 0.6296944, 0.98757917
'AIBL/1557.flair_flair_orig.nii.gz', 0.9983423, 0.95668226, 0.9646915, 0.9698777, 0.9986098, 0.9414863, 0.99362046, 0.80746365, 0.9997538, 0.9067143, 0.9973315, 0.99625313, 0.99688345, 0.99964714, 0.99290705, 0.9993861, 0.9494289, 0.99924743, 0.99976856, 0.9896638
'AIBL/1557.t1_t1_orig.nii.gz', 0.015353023, 0.9420148, 0.95961225, 0.97377825, 0.3099556, 0.3005318, 0.7099135, 0.9909134, 0.04720978, 0.9761571, 0.28657618, 0.95583534, 0.18250206, 0.5353441, 0.40246952, 0.16779563, 0.016858164, 0.9678867, 0.9983193, 0.86531
'AIBL/1961.flair_flair_orig.nii.gz', 0.4251167, 0.37931013, 0.00032428402, 0.1156894, 0.353512, 0.04116687, 0.15713266, 0.63214284, 0.77356154, 0.73154014, 0.66677684, 0.69705945, 0.790771, 0.003894684, 0.8552559, 0.12663367, 0.5355481, 0.0010154127, 0.2829694, 0.4955226
'AIBL/1961.t1_t1_orig.nii.gz', 0.025877723, 0.17681019, 0.4728194, 0.21620536, 0.29649493, 9.191043e-06, 0.17977156, 0.000666004, 0.018107586, 0.006340778, 0.4712608, 0.00570423, 0.00034854742, 0.05891217, 0.00030154985, 0.017503915, 0.006709393, 0.005023874, 0.0003551541, 0.0003453951
'AIBL/1964.flair_flair_orig.nii.gz', 0.9930264, 0.9206605, 0.9982322, 0.94693357, 0.8685617, 0.99263364, 0.9878445, 0.9998605, 0.99980146, 0.9679837, 0.99684465, 0.99920255, 0.9975435, 0.9977992, 0.9934164, 0.97942924, 0.97040164, 0.9993217, 0.9924114, 0.99921155
'AIBL/1964.t1_t1_orig.nii.gz', 0.9734354, 0.99111485, 0.7860597, 0.90001464, 0.9425618, 0.9820347, 0.6528537, 0.95311046, 0.9893455, 0.89022833, 0.90064794, 0.88144296, 0.99411535, 0.96294224, 0.69595784, 0.8537951, 0.9207425, 0.98374164, 0.9036675, 0.98032594
'AIBL/2420.flair_flair_orig.nii.gz', 0.04710135, 0.9799448, 0.44486597, 0.5368672, 0.965063, 0.004522239, 0.33730766, 0.96940327, 0.76185596, 0.84759665, 0.4902019, 0.9332474, 0.4062178, 0.6287556, 0.91239154, 0.013084219, 0.03783522, 0.011708548, 0.78002524, 0.9821218
'AIBL/2420.t1_t1_orig.nii.gz', 0.58201575, 0.0061601494, 0.7941147, 0.02831968, 0.00069213985, 0.55557245, 0.9818334, 0.041800056, 0.015679184, 0.0058952114, 0.37836987, 0.45226517, 0.93365353, 0.5210978, 0.9946449, 0.00045771195, 0.9086916, 0.41353503, 0.0046354523, 0.02134225
'AIBL/2842.flair_flair_orig.nii.gz', 0.9825335, 0.99577254, 0.99821126, 0.99860066, 0.8848026, 0.95881146, 0.9475816, 0.997262, 0.9947784, 0.9952195, 0.99569595, 0.8660974, 0.9845732, 0.98369735, 0.9801437, 0.9882407, 0.9918617, 0.998698, 0.97610646, 0.9991177
'AIBL/2842.t1_t1_orig.nii.gz', 0.13678378, 0.8508817, 0.6330303, 0.30010787, 0.2096259, 0.6243352, 0.25638437, 0.8199924, 0.19236475, 0.36790276, 0.43278387, 0.30507532, 0.6959479, 0.4130341, 0.348773, 0.6829913, 0.6320194, 0.07819498, 0.02634822, 0.9244676
'AIBL/2852.flair_flair_orig.nii.gz', 0.9884034, 0.8388703, 0.01709909, 0.44987118, 0.9576594, 0.5945218, 0.42775738, 0.122757554, 0.8403846, 0.5457076, 0.53056943, 0.9156749, 0.17966715, 0.7298698, 0.8960728, 0.31148282, 0.79466486, 0.89473826, 0.8354484, 0.04096906
'AIBL/2852.t1_t1_orig.nii.gz', 0.16995615, 0.0026687025, 8.177564e-05, 0.00894803, 0.73441947, 0.00015847322, 0.003005303, 0.0009212739, 0.0059422865, 2.7893255e-05, 0.00020427247, 0.0036257554, 0.27734026, 0.00031388568, 0.024285158, 0.14937212, 0.17446473, 0.023647275, 0.01011656, 0.047369808
'AIBL/2887.flair_flair_orig.nii.gz', 0.92595214, 0.47253335, 0.6228799, 0.77175975, 0.93389446, 0.89365375, 0.8373742, 0.8466934, 0.021746933, 0.847182, 0.9013487, 0.9948979, 0.7285131, 0.75635666, 0.755444, 0.71197605, 0.11534822, 0.19607423, 0.23080556, 0.95989174
'AIBL/2887.t1_t1_orig.nii.gz', 0.8027839, 0.7948687, 0.89256394, 0.6569094, 0.90195996, 0.9966898, 0.7165631, 0.97938865, 0.91683847, 0.9799131, 0.9496604, 0.0103286, 0.9407087, 0.60064423, 0.96974933, 0.9695468, 0.64544255, 0.97912973, 0.3115039, 0.81367195
'AIBL/3143.flair_flair_orig.nii.gz', 0.99958044, 0.9814803, 0.9999018, 0.97907466, 0.99962664, 0.9956293, 0.89452285, 0.95462483, 0.9998331, 0.9941373, 0.99251705, 0.9713757, 0.9998828, 0.9977602, 0.99949837, 0.9848524, 0.9989686, 0.9905296, 0.9934307, 0.9846199
'AIBL/3143.t1_t1_orig.nii.gz', 0.97773963, 0.78964823, 0.96204454, 0.7577782, 0.9927193, 0.957494, 0.9738347, 0.9967134, 0.9564209, 0.9737892, 0.99294734, 0.98924285, 0.73478484, 0.9962979, 0.70710576, 0.98541903, 0.97470516, 0.9697599, 0.9977857, 0.937242
'AIBL/3226.flair_flair_orig.nii.gz', 0.9712269, 0.8711852, 0.98038507, 0.98405683, 0.8962184, 0.988893, 0.98473746, 0.9533533, 0.99698955, 0.8123614, 0.9933114, 0.95459425, 0.9976131, 0.91154194, 0.98493457, 0.9810311, 0.97125727, 0.982393, 0.9724768, 0.9629942
'AIBL/3226.t1_t1_orig.nii.gz', 0.082077056, 0.00093121, 0.003849585, 0.06182054, 0.43923894, 0.02573397, 2.399274e-05, 0.19938394, 0.014830701, 0.004397062, 0.014434374, 0.0002039393, 0.0010672448, 0.009242431, 0.24879724, 0.06874744, 0.0033339649, 0.00015651065, 0.32033724, 0.0008731105
'AIBL/3254.flair_flair_orig.nii.gz', 0.9966264, 0.98293155, 0.9976593, 0.9982135, 0.97948086, 0.9974254, 0.9827337, 0.96482307, 0.9985089, 0.9917562, 0.98533326, 0.99266523, 0.98249096, 0.99377114, 0.99532866, 0.84981644, 0.99863535, 0.9915643, 0.99186325, 0.9993855
'AIBL/3254.t1_t1_orig.nii.gz', 0.99743575, 0.981536, 0.9997272, 0.9969247, 0.99986887, 0.9975085, 0.9905336, 0.99804235, 0.99099743, 0.9042106, 0.971421, 0.96396273, 0.9818885, 0.9648797, 0.8993183, 0.68947864, 0.99966896, 0.9920906, 0.9962514, 0.8378639
'AIBL/3260.flair_flair_orig.nii.gz', 0.65729576, 0.9005353, 0.77161187, 0.8173539, 0.9535244, 0.9909051, 0.21603747, 0.62746626, 0.874903, 0.5072503, 0.94500977, 0.9618556, 0.63293064, 0.75899744, 0.9404932, 0.95642155, 0.7627996, 0.46822518, 0.764386, 0.8397338
'AIBL/3260.t1_t1_orig.nii.gz', 0.6536297, 0.008037601, 2.6889687e-05, 3.0518408e-05, 0.006436987, 0.34531254, 0.007180019, 4.6627287e-05, 0.041819274, 1.7333363e-05, 0.00018108076, 0.105245516, 0.0692618, 0.015102487, 0.0010048059, 0.0005862391, 0.039055504, 0.11680966, 0.0067211674, 4.5627115e-05
'AIBL/3742.flair_flair_orig.nii.gz', 0.5592635, 0.9932074, 0.9991837, 0.9988794, 0.72877353, 0.99927694, 0.99973816, 0.9908674, 0.999843, 0.9999403, 0.9986381, 0.9902998, 0.999009, 0.9770234, 0.9902152, 0.9997874, 0.9943634, 0.99815494, 0.99653184, 0.99323374
'AIBL/3742.t1_t1_orig.nii.gz', 0.0032428473, 0.0053810934, 0.9361896, 0.1664778, 0.06846014, 0.7298756, 0.6326158, 0.30471888, 0.50544035, 0.8768189, 0.041116383, 0.9522639, 0.12007528, 0.56315184, 0.66903716, 0.5039836, 0.020093758, 0.21058846, 0.1704691, 0.9532869
'AIBL/3823.flair_flair_orig.nii.gz', 0.9943804, 0.971047, 0.9966852, 0.9852123, 0.9720786, 0.99147195, 0.9976864, 0.9888573, 0.97694707, 0.9945532, 0.9750019, 0.9907121, 0.9473335, 0.9965669, 0.9922023, 0.97699577, 0.98527366, 0.9978582, 0.998963, 0.9967476
'AIBL/3823.t1_t1_orig.nii.gz', 0.16486587, 0.49607515, 0.915957, 0.11148735, 0.9793174, 0.5318182, 0.25954023, 0.48481414, 0.4762704, 0.95307785, 0.9063017, 0.9994698, 0.9788806, 0.9746187, 0.94439304, 0.5732665, 0.872157, 0.9867627, 0.83923763, 0.791831
'AIBL/3860.flair_flair_orig.nii.gz', 0.9738012, 0.9967127, 0.95768684, 0.9780853, 0.84129095, 0.9943178, 0.9408338, 0.99073863, 0.9537052, 0.96305096, 0.94241, 0.9938292, 0.9639874, 0.9712772, 0.9615666, 0.9930373, 0.9886086, 0.9972167, 0.9870042, 0.9754985
'AIBL/3860.t1_t1_orig.nii.gz', 0.966217, 0.963718, 0.99099255, 0.7467151, 0.99854124, 0.99169135, 0.9527913, 0.612381, 0.9894036, 0.99647325, 0.90879464, 0.9110932, 0.96987534, 0.59768814, 0.8340664, 0.99946696, 0.9955908, 0.9968923, 0.9932326, 0.97210795
'AIBL/3905.flair_flair_orig.nii.gz', 0.9980307, 0.994503, 0.9968585, 0.9761028, 0.18064554, 0.44085157, 0.7611663, 0.84269184, 0.9066175, 0.970768, 0.9934277, 0.9602142, 0.9639542, 0.99915814, 0.99808526, 0.98308057, 0.6728348, 0.9254196, 0.97317827, 0.99790645
'AIBL/3905.t1_t1_orig.nii.gz', 0.00017971944, 0.0101904385, 0.019354695, 0.11716796, 0.21590419, 1.8018369e-05, 0.0002977276, 0.000516703, 0.012893676, 0.0025559473, 0.0023661037, 0.000987454, 0.07261101, 4.559567e-05, 0.00038211152, 0.00033448162, 0.11746781, 0.004298743, 0.0007138151, 0.006892585
'AIBL/3936.flair_flair_orig.nii.gz', 0.83247364, 0.5893713, 0.6341774, 0.45612702, 0.4026019, 0.95530415, 0.9642055, 0.7269048, 0.5425186, 0.950482, 0.8711386, 0.86135316, 0.73734266, 0.6985155, 0.81811696, 0.97790456, 0.93642056, 0.74852973, 0.9875781, 0.8863251
'AIBL/3936.t1_t1_orig.nii.gz', 0.18261905, 0.0037735864, 0.03537296, 0.008679698, 0.13115372, 0.012809651, 0.008316136, 0.0017669508, 0.14626014, 0.41100022, 0.030936062, 0.77889097, 0.0065561226, 0.2768206, 0.06664626, 0.04336228, 0.011290528, 0.0021169784, 0.008548388, 0.049741004
'AIBL/4033.t1_t1_orig.nii.gz', 0.87189555, 0.16588317, 0.53277993, 0.6168237, 0.12025454, 0.48462453, 0.9989672, 0.3713932, 0.44256055, 0.91057515, 0.21556278, 0.9501323, 0.98978806, 0.6784523, 0.050459858, 0.22170207, 0.98140407, 0.75199324, 0.63170594, 0.93098235
'AIBL/4480.flair_flair_orig.nii.gz', 0.16972776, 0.2450563, 0.7991603, 0.9832576, 0.81933117, 0.8830223, 0.53288627, 0.6653061, 0.7443197, 0.731394, 0.986026, 0.97608894, 0.97856873, 0.90098345, 0.9646469, 0.96263903, 0.9076699, 0.2697976, 0.95673263, 0.9800642
'AIBL/4480.t1_t1_orig.nii.gz', 0.09782215, 0.28667605, 0.09763013, 0.2428499, 0.012239632, 0.17137255, 0.004877005, 0.40272877, 0.8974071, 0.77300435, 0.0018339388, 0.150156, 0.033054035, 0.48979738, 0.76826906, 0.12679604, 0.043266624, 0.004180703, 0.02579108, 0.007070039
'AIBL/4510.flair_flair_orig.nii.gz', 0.98454154, 0.9983582, 0.9411573, 0.9108726, 0.9984515, 0.9984681, 0.9968118, 0.99555737, 0.9848096, 0.9937435, 0.9805927, 0.9973882, 0.9960961, 0.99322104, 0.99350536, 0.99169874, 0.9683216, 0.9796652, 0.97221845, 0.9949149
'AIBL/4510.t1_t1_orig.nii.gz', 0.9962871, 0.89474887, 0.8618977, 0.5177906, 0.04124705, 0.1614293, 0.09989262, 0.98692423, 0.39230922, 0.62740403, 0.16352978, 0.90668195, 0.6928841, 0.98948985, 0.3518474, 0.45425326, 0.9387929, 0.8409743, 0.85749614, 0.1689819
'AIBL/4539.flair_flair_orig.nii.gz', 0.7464556, 0.9999435, 0.9385162, 0.91542584, 0.990752, 0.94913983, 0.9912452, 0.99138546, 0.9774548, 0.9868059, 0.9834933, 0.93605256, 0.9989272, 0.99995947, 0.99943894, 0.9981534, 0.8925324, 0.9857597, 0.77305996, 0.99854845
'AIBL/4539.t1_t1_orig.nii.gz', 0.90282786, 0.4022557, 0.9190745, 0.82120425, 0.07003259, 0.8912055, 0.3871638, 0.87855285, 0.7090833, 0.02646182, 0.99325037, 0.39286882, 0.9834805, 0.33002868, 0.7513921, 0.944303, 0.24997717, 0.6861278, 0.83141744, 0.86537725
'AIBL/4572.flair_flair_orig.nii.gz', 0.94488096, 0.96294016, 0.7807955, 0.85052204, 0.97947985, 0.6298569, 0.6842122, 0.86124986, 0.8552759, 0.86042637, 0.901948, 0.7434593, 0.65527385, 0.9054859, 0.8348841, 0.9371165, 0.94403434, 0.7868786, 0.8875653, 0.9519301
'AIBL/4572.t1_t1_orig.nii.gz', 0.29421085, 0.207874, 0.21859634, 0.18679167, 0.6686054, 0.29426977, 0.51239854, 0.34141195, 0.12388089, 0.124505855, 0.23125666, 0.00736072, 0.00034718312, 0.06961549, 0.8925143, 0.40201458, 0.13293041, 0.11382278, 0.5075733, 0.05655615
'AIBL/4707.flair_flair_orig.nii.gz', 0.8631319, 0.96886015, 0.73382646, 0.7087865, 0.8500003, 0.4950797, 0.95116353, 0.8517792, 0.98305225, 0.757659, 0.19419691, 0.7226777, 0.6086788, 0.76396537, 0.8351904, 0.10848085, 0.6991948, 0.93977076, 0.9319793, 0.18666495
'AIBL/4707.t1_t1_orig.nii.gz', 0.019345658, 0.0046263267, 0.534692, 0.004357396, 0.17642918, 0.06659189, 2.5511997e-06, 0.8750796, 0.0009916977, 0.3267917, 0.015048635, 0.0020683098, 0.9468131, 0.8909019, 0.013819154, 0.37086678, 0.27578554, 0.0054162084, 0.0031189008, 0.0041162753
'AIBL/4735.flair_flair_orig.nii.gz', 0.973723, 0.11935126, 0.6995004, 0.9949196, 0.9852584, 0.88399327, 0.9912662, 0.9458559, 0.9991959, 0.4812283, 0.9991941, 0.89686614, 0.99600154, 0.98548836, 0.98580486, 0.97838014, 0.9902058, 0.8346499, 0.9856478, 0.9965119
'AIBL/4735.t1_t1_orig.nii.gz', 0.0008975245, 0.14006214, 0.013349093, 0.15375672, 0.60156125, 0.013350795, 0.93534523, 0.06794865, 0.36173046, 0.6392722, 0.004683354, 0.11880184, 0.58870584, 0.48244262, 0.0008865622, 0.009349895, 0.9315558, 0.44698858, 0.003996664, 0.123088025
'AIBL/5241.t1_t1_orig.nii.gz', 0.99088824, 0.21901993, 0.8978677, 0.6356079, 0.47226262, 0.3333353, 0.985726, 0.80598086, 0.45149288, 0.94993037, 0.35471976, 0.920064, 0.78809386, 0.80988324, 0.07387527, 0.113032505, 0.93664503, 0.9012739, 0.86300844, 0.030733261
'AIBL/5274.flair_flair_orig.nii.gz', 0.97237015, 0.9993925, 0.9986846, 0.9623507, 0.9868983, 0.940691, 0.98084694, 0.9988034, 0.96924376, 0.99969876, 0.99720216, 0.9972964, 0.9978623, 0.9876177, 0.9176855, 0.9869163, 0.98217976, 0.99492973, 0.9878321, 0.9910936
'AIBL/5274.t1_t1_orig.nii.gz', 0.87082773, 0.1435365, 0.24447456, 0.17911495, 0.7109837, 0.2151907, 0.65646195, 0.95254654, 0.85377496, 0.5288462, 0.32091707, 0.13946424, 0.59132713, 0.99058783, 0.24319348, 0.5193056, 0.20923132, 0.36865237, 0.6330375, 0.68582094
'AIBL/5352.t1_t1_orig.nii.gz', 0.07580668, 0.298337, 0.9309367, 0.3183931, 0.8401116, 0.6619201, 0.35644162, 0.9585551, 0.19407278, 0.9588472, 0.9818111, 0.7803794, 0.7496195, 0.57068056, 0.45651835, 0.9656643, 0.44537976, 0.7465858, 0.05985601, 0.7649502
'AIBL/5464.flair_flair_orig.nii.gz', 0.989185, 0.9730918, 0.9944167, 0.99606353, 0.9805462, 0.95887405, 0.99505323, 0.97976446, 0.9725759, 0.98444116, 0.97859395, 0.93322027, 0.96425235, 0.95189834, 0.9682966, 0.7885693, 0.9897894, 0.98239994, 0.963488, 0.9871414
'AIBL/5464.t1_t1_orig.nii.gz', 0.0009997679, 0.70683277, 0.0022694946, 0.24808411, 0.040948156, 0.0012078753, 0.9606205, 0.04130213, 0.022008993, 0.027307363, 0.008836715, 0.11093105, 0.10006873, 0.29293498, 0.0056601153, 0.007925642, 0.08037974, 0.15537846, 0.74432933, 0.47940403
'AIBL/5562.flair_flair_orig.nii.gz', 0.84304756, 0.9822562, 0.97562724, 0.9796016, 0.9478309, 0.98844796, 0.99502486, 0.9812293, 0.97084606, 0.9126092, 0.8775573, 0.99528897, 0.97951597, 0.9926554, 0.9804299, 0.85406554, 0.93984234, 0.9780766, 0.99823064, 0.8308313
'AIBL/5562.t1_t1_orig.nii.gz', 0.6152646, 0.8714412, 0.8392374, 0.95915157, 0.6133311, 0.98841643, 0.8162966, 0.87908113, 0.39403337, 0.7587759, 0.87015486, 0.39203885, 0.9477943, 0.95681745, 0.7003087, 0.9894874, 0.82907826, 0.92936486, 0.89673656, 0.65170246
'AIBL/5821.flair_flair_orig.nii.gz', 0.98752266, 0.9572371, 0.9296402, 0.6758193, 0.94019747, 0.8345236, 0.95926607, 0.91836685, 0.7955901, 0.74090135, 0.87566483, 0.94214517, 0.95543855, 0.92670196, 0.96618617, 0.73349684, 0.7934866, 0.9573937, 0.92370546, 0.6864875
'AIBL/5821.t1_t1_orig.nii.gz', 0.970668, 0.95962554, 0.96800685, 0.8889602, 0.94039655, 0.9155619, 0.9197324, 0.9378794, 0.8280945, 0.71364254, 0.9713859, 0.97501194, 0.9076757, 0.9555332, 0.9731985, 0.87090594, 0.95825684, 0.6622928, 0.68059224, 0.9891801
'AIBL/6111.flair_flair_orig.nii.gz', 0.038241044, 0.99579275, 0.25016126, 0.99313074, 0.062253382, 0.77698404, 0.70534503, 0.75471103, 0.01642572, 0.8180855, 0.47363794, 0.8866457, 0.90934336, 0.88655376, 0.7553613, 0.14808384, 0.87486637, 0.96928036, 0.5795631, 0.95232725
'AIBL/6111.t1_t1_orig.nii.gz', 0.99564254, 0.99962366, 0.97853583, 0.9778479, 0.8194659, 0.1772165, 0.9467549, 0.3821063, 0.9927377, 0.78503674, 0.9869687, 0.13136847, 0.5403578, 0.9733589, 0.9986237, 0.72350675, 0.43022537, 0.97306925, 0.37778836, 0.9036896
'AIBL/6266.flair_flair_orig.nii.gz', 0.9994765, 0.9831154, 0.9809137, 0.94194967, 0.9793448, 0.99984455, 0.96035886, 0.9765179, 0.6634427, 0.94564396, 0.33684203, 0.44603524, 0.9977411, 0.6010951, 0.9850309, 0.9363354, 0.97773516, 0.9981651, 0.99710673, 0.9933503
'AIBL/6266.t1_t1_orig.nii.gz', 0.9690819, 0.83497864, 0.99965787, 0.99730766, 0.9975617, 0.9966704, 0.9800106, 0.99938095, 0.99831486, 0.9945738, 0.99058175, 0.92769325, 0.9761496, 0.95090985, 0.9418754, 0.9996718, 0.44254234, 0.9831541, 0.95292246, 0.8630791
'AIBL/6304.flair_flair_orig.nii.gz', 0.9622168, 0.967703, 0.99715257, 0.99868363, 0.9986071, 0.9968124, 0.99643135, 0.98931646, 0.9867669, 0.9957217, 0.9323778, 0.9980064, 0.98102576, 0.9527426, 0.9409035, 0.99702865, 0.99289215, 0.9960918, 0.95116955, 0.9989027
'AIBL/6304.t1_t1_orig.nii.gz', 0.011374394, 0.9988992, 0.49089077, 0.002356475, 0.44508988, 0.16069418, 0.09120783, 0.874876, 0.9715148, 0.35256436, 0.14313217, 0.9635047, 0.30782822, 0.9592168, 0.8257999, 0.0094480235, 0.75828403, 0.95038205, 0.8133632, 0.01716999
'AIBL/6399.flair_flair_orig.nii.gz', 0.98579884, 0.9798457, 0.99454653, 0.99750394, 0.88282794, 0.028998993, 0.9996716, 0.92230576, 0.60793334, 0.9988268, 0.9980732, 0.97535014, 0.99971944, 0.8147557, 0.983928, 0.8326697, 0.99914944, 0.99922967, 0.92531615, 0.12175333
'AIBL/6399.t1_t1_orig.nii.gz', 0.8160138, 0.001501228, 0.9972121, 0.9964785, 0.9591576, 0.5155335, 0.10456555, 0.06565762, 0.940468, 0.92860335, 0.060712136, 0.8314635, 0.7439892, 0.46247205, 0.00040129374, 0.74475145, 0.9995976, 0.001991795, 0.93120617, 0.9926172
'AIBL/6403.flair_flair_orig.nii.gz', 0.99534804, 0.998765, 0.97240555, 0.9964908, 0.9997315, 0.9998565, 0.9994697, 0.9792436, 0.99880636, 0.984697, 0.9991891, 0.9999858, 0.99916565, 0.998481, 0.9975394, 0.9997209, 0.998209, 0.99903226, 0.9991898, 0.9994118
'AIBL/6403.t1_t1_orig.nii.gz', 0.9316984, 0.9857194, 0.97890365, 0.15570694, 0.52583706, 0.1217702, 0.6949699, 0.64439124, 0.19925795, 0.54538536, 0.9331038, 0.97753614, 0.5411801, 0.081756495, 0.8489126, 0.09041373, 0.8316367, 0.9596511, 0.0002592378, 0.61049587
'AIBL/6678.flair_flair_orig.nii.gz', 0.99619544, 0.9988487, 0.92250437, 0.97620785, 0.9871197, 0.99759126, 0.9232447, 0.9932467, 0.53551185, 0.9962649, 0.9771863, 0.99898344, 0.92160285, 0.9926242, 0.93352336, 0.9781522, 0.9804361, 0.99947363, 0.92060673, 0.9846698
'AIBL/6678.t1_t1_orig.nii.gz', 0.9791996, 0.93654275, 0.9866376, 0.9888377, 0.15848999, 0.9727884, 0.798531, 0.9507321, 0.9828622, 0.99743736, 0.999798, 0.98512626, 0.99917775, 0.9987318, 0.7448958, 0.63655525, 0.9912872, 0.9525537, 0.99789053, 0.9720142
'AIBL/6740.flair_flair_orig.nii.gz', 0.9927642, 0.999944, 0.9994796, 0.9999962, 0.99600935, 0.99508697, 0.98757905, 0.999782, 0.99926513, 0.9985688, 0.99930584, 0.9999943, 0.99826837, 0.9999107, 0.9806857, 0.99966943, 0.99991405, 0.9999474, 0.9952992, 0.9945673
'AIBL/6740.t1_t1_orig.nii.gz', 0.56142366, 0.99558145, 0.9766501, 0.9989988, 0.99102545, 0.5015544, 0.21556415, 0.93009305, 0.99989367, 0.21212511, 0.9885217, 0.99499375, 0.99960726, 0.960234, 0.5885345, 0.9903932, 0.96255577, 0.98262364, 0.9749943, 0.120101966
'AIBL/6775.flair_flair_orig.nii.gz', 0.9893853, 0.9284417, 0.9976578, 0.9969308, 0.9999808, 0.9991689, 0.9927978, 0.9887581, 0.9913867, 0.99885535, 0.9992324, 0.836542, 0.9810982, 0.86952883, 0.8035811, 0.9883732, 0.9563253, 0.6331994, 0.9944072, 0.98692375
'AIBL/6775.t1_t1_orig.nii.gz', 0.07210895, 0.7824791, 0.025896678, 0.80966765, 0.2554694, 0.5967602, 0.9906799, 0.785222, 0.66665244, 0.7682254, 0.39343604, 0.3205777, 0.993768, 0.73971176, 0.8094815, 0.04755414, 0.90154105, 0.9346143, 0.3343651, 0.01764848
'AIBL/6837.flair_flair_orig.nii.gz', 0.9920191, 0.997141, 0.9955514, 0.9646239, 0.933493, 0.99008954, 0.9430218, 0.9869141, 0.99528885, 0.99702424, 0.97808427, 0.98943955, 0.99417454, 0.9843626, 0.99883896, 0.9919848, 0.9993641, 0.9896316, 0.9854739, 0.9916711
'AIBL/6837.t1_t1_orig.nii.gz', 0.9994906, 0.9896213, 0.9958377, 0.9780368, 0.9613004, 0.981712, 0.9954455, 0.8292878, 0.9381507, 0.7660878, 0.9978816, 0.9166859, 0.99279034, 0.9306545, 0.97107553, 0.9847971, 0.99784076, 0.9844811, 0.91259134, 0.99173427
'AIBL/6874.flair_flair_orig.nii.gz', 0.9999696, 0.9990646, 0.90152556, 0.9998355, 0.9977442, 0.99943334, 0.99830437, 0.999881, 0.9999825, 0.8540845, 0.9928139, 0.6273614, 0.9991943, 0.992816, 0.99836904, 0.8336404, 0.98577166, 0.98616296, 0.98687625, 0.9952833
'AIBL/6874.t1_t1_orig.nii.gz', 0.88144064, 0.866213, 0.98019373, 0.26832527, 0.23841684, 0.08749076, 0.9575242, 0.6184342, 0.09596503, 0.25295594, 0.88159126, 0.065524764, 0.9836383, 0.9889072, 0.9610451, 0.62743115, 0.2798666, 0.14488451, 0.9654559, 0.15665177
'AIBL/7321.flair_flair_orig.nii.gz', 0.76641226, 0.91627425, 0.99428517, 0.9920569, 0.9618084, 0.93356377, 0.9948114, 0.3631641, 0.919547, 0.90149486, 0.08918039, 0.9984573, 0.7138193, 0.6033766, 0.981061, 0.7375996, 0.9327289, 0.9677444, 0.8328721, 0.8353721
'AIBL/7321.t1_t1_orig.nii.gz', 0.0002381917, 0.05534158, 0.03142301, 0.0020048823, 0.4242837, 0.022465909, 0.00702263, 0.7514718, 0.98723304, 0.860556, 0.0051199486, 0.032254748, 0.0010058153, 0.094478756, 5.958618e-05, 0.16610578, 0.004224627, 0.99837035, 0.014504111, 0.013542248
'AIBL/7356.flair_flair_orig.nii.gz', 0.99032533, 0.9827915, 0.9408447, 0.77801156, 0.99648166, 0.9954399, 0.9871349, 0.99894196, 0.999706, 0.99895895, 0.9950507, 0.9956911, 0.9984732, 0.9979164, 0.9985619, 0.99689096, 0.99298954, 0.98862576, 0.9183768, 0.9992956
'AIBL/7356.t1_t1_orig.nii.gz', 0.996323, 0.96519643, 0.86426365, 0.95672077, 0.961253, 0.74622154, 0.5405671, 0.36262304, 0.9575563, 0.6805427, 0.12719728, 0.9633738, 0.91648656, 0.6281869, 0.47349516, 0.017422441, 0.7063262, 0.13607879, 0.16953608, 0.7484495
'AIBL/7500.flair_flair_orig.nii.gz', 0.9670629, 0.9853029, 0.9941755, 0.8577056, 0.94215035, 0.9945564, 0.995776, 0.9985965, 0.9756151, 0.94744724, 0.9740248, 0.97753817, 0.99333984, 0.99032533, 0.98354787, 0.9628501, 0.9913168, 0.98787093, 0.98480564, 0.9776363
'AIBL/7500.t1_t1_orig.nii.gz', 0.9334957, 0.8689486, 0.99366534, 0.78548306, 0.963179, 0.98182505, 0.94788843, 0.6555575, 0.9974934, 0.9809043, 0.962121, 0.9933078, 0.928404, 0.91188145, 0.7527687, 0.98894495, 0.9446915, 0.9950465, 0.9620559, 0.88792074
'AIBL/7622.flair_flair_orig.nii.gz', 0.9988582, 0.9901869, 0.99810636, 0.96125513, 0.98239684, 0.97658247, 0.99922585, 0.9637398, 0.9799498, 0.9976687, 0.6719484, 0.9362085, 0.9985322, 0.9772224, 0.9970836, 0.9898141, 0.99959654, 0.972649, 0.97038853, 0.9713699
'AIBL/7622.t1_t1_orig.nii.gz', 0.989026, 0.88444936, 0.99980015, 0.93154776, 0.9768424, 0.9991685, 0.9974994, 0.9950965, 0.91762435, 0.5941626, 0.59484446, 0.5675729, 0.6417755, 0.913239, 0.92572886, 0.0024648965, 0.99947375, 0.9255679, 0.6316897, 0.9968053
'AIBL/7704.flair_flair_orig.nii.gz', 0.036697872, 0.3102016, 0.6890832, 0.83379424, 0.93893147, 0.7229735, 0.98230666, 0.3570522, 0.70990956, 0.49796587, 0.9531453, 0.94320035, 0.8622854, 0.9930842, 0.59379566, 0.9475516, 0.8167117, 0.46036285, 0.59216434, 0.94812757
'AIBL/7704.t1_t1_orig.nii.gz', 0.025571283, 0.0035166393, 0.9714911, 0.0018460505, 0.0011557649, 0.65821254, 0.54319656, 0.8282932, 0.0010268904, 0.25513208, 0.016438304, 0.22662397, 0.0689059, 0.011477873, 0.059688997, 0.036302544, 0.865926, 0.46128997, 0.0014432843, 0.0025185503
'AIBL/7845.t1_t1_orig.nii.gz', 0.879766, 0.62972724, 0.00014688857, 0.28825662, 0.0065089734, 0.9692299, 0.0029080466, 0.0010614722, 0.033672236, 0.002382635, 0.034988243, 0.9699081, 0.00017200544, 0.02164706, 0.9409779, 2.1763608e-05, 0.0007028047, 0.15611115, 0.0006864131, 0.0001868784
'AIBL/7855.flair_flair_orig.nii.gz', 0.48802698, 0.94491917, 0.86324614, 0.9273412, 0.39716122, 0.9266432, 0.9759219, 0.30204272, 0.9632951, 0.9506794, 0.95845544, 0.9854382, 0.85295093, 0.9046908, 0.99398947, 0.61998826, 0.54688823, 0.93581885, 0.91072977, 0.95710075
'AIBL/7855.t1_t1_orig.nii.gz', 0.06956847, 0.2378428, 0.41865316, 0.35220993, 0.89933807, 0.5680166, 0.62943864, 0.9755229, 0.06536168, 0.7846352, 0.7256342, 0.8455015, 0.98416334, 0.98233473, 0.29811364, 0.024509978, 0.73124665, 0.34468144, 0.59085804, 0.16913402
'AIBL/8039.flair_flair_orig.nii.gz', 0.82422245, 0.88604605, 0.9252088, 0.9958474, 0.9532902, 0.9940202, 0.98244876, 0.9908317, 0.9710089, 0.9771648, 0.999038, 0.9869941, 0.9380749, 0.95483106, 0.98487616, 0.97754055, 0.9297488, 0.99062854, 0.99559337, 0.81219935
'AIBL/8039.t1_t1_orig.nii.gz', 0.80993974, 0.9155415, 0.4606175, 0.5690382, 0.037212305, 0.9629156, 0.98223037, 0.14776072, 0.98072, 0.82120097, 0.98634934, 0.16157384, 0.9985275, 0.014903591, 0.8293365, 0.62755144, 0.99773383, 0.7034895, 0.9977043, 0.54905146
'AIBL/8223.flair_flair_orig.nii.gz', 0.2305402, 0.30781174, 0.29369384, 0.92600113, 0.13752022, 0.73449534, 0.32017082, 0.8610139, 0.093441725, 0.830408, 0.8955697, 0.8811586, 0.5292196, 0.24891822, 0.1145414, 0.570253, 0.005824743, 0.004365384, 0.04440399, 0.826033
'AIBL/8223.t1_t1_orig.nii.gz', 0.3755452, 0.06180771, 0.018680846, 0.42362884, 0.42985383, 0.925205, 0.337052, 0.026727598, 0.0002065739, 0.021636928, 0.5568663, 0.5091575, 0.6520646, 0.0009139193, 0.0002443698, 0.17494729, 0.42203128, 0.25792205, 0.0036100927, 0.0027921558
'AIBL/8449.flair_flair_orig.nii.gz', 0.92719686, 0.10121058, 0.35811812, 0.91357785, 0.45838764, 0.9511383, 0.90120924, 0.60145634, 0.86381423, 0.9846364, 0.8836894, 0.1501599, 0.5721816, 0.34488654, 0.93761575, 0.9676155, 0.68597996, 0.10518266, 0.9095721, 0.43117672
'AIBL/8449.t1_t1_orig.nii.gz', 0.8641946, 0.11736564, 0.5603973, 0.9942179, 0.989139, 0.9927248, 0.9740882, 0.8868621, 0.5722589, 0.9807506, 0.9673287, 0.9949496, 0.5536137, 0.7633377, 0.49313974, 0.9906719, 0.994599, 0.99869233, 0.917525, 0.55665255
'AIBL/8699.flair_flair_orig.nii.gz', 0.994848, 0.98003525, 0.9967943, 0.99145377, 0.9613232, 0.9941093, 0.9958093, 0.98807216, 0.99975914, 0.9947167, 0.9855031, 0.99688256, 0.99337596, 0.9997596, 0.98368096, 0.99440306, 0.999694, 0.92896885, 0.995784, 0.99727327
'AIBL/8699.t1_t1_orig.nii.gz', 0.00056251633, 0.15338722, 0.92374605, 0.06264799, 0.75059867, 0.2960214, 0.08266299, 0.6698308, 0.9322672, 0.17263763, 0.77876276, 0.27388218, 0.49254408, 0.01636607, 0.015187652, 0.28383672, 0.21562733, 0.9499269, 0.20811951, 0.92599773
'AIBL/8773.flair_flair_orig.nii.gz', 0.9997266, 0.99907315, 0.97881395, 0.995764, 0.8798137, 0.99862576, 0.38999492, 0.9996629, 0.9938653, 0.99989474, 0.99996555, 0.98175, 0.99892265, 0.62827224, 0.99491704, 0.9539759, 0.9987575, 0.99698895, 0.9826371, 0.9843717
'AIBL/8773.t1_t1_orig.nii.gz', 0.06720601, 0.43456152, 0.051490612, 0.006014678, 0.21512853, 0.01501266, 0.0001319876, 0.007104456, 0.07441685, 0.900874, 0.028315898, 0.79732513, 0.3607319, 0.5521532, 0.0069012004, 0.39887327, 0.81982374, 0.12889227, 0.81731564, 3.4540248e-05
'AIBL/8819.flair_flair_orig.nii.gz', 0.99878377, 0.98976797, 0.99823713, 0.9951061, 0.92367953, 0.9444729, 0.9977792, 0.9667037, 0.9673574, 0.95605356, 0.99508876, 0.99293596, 0.97935486, 0.8628778, 0.9837924, 0.99930525, 0.9918732, 0.9739784, 0.9978678, 0.8435082
'AIBL/8819.t1_t1_orig.nii.gz', 0.7718898, 0.9218224, 0.99841607, 0.98992145, 0.9758203, 0.9980299, 0.9430764, 0.94565856, 0.9968675, 0.96064645, 0.9983348, 0.8834177, 0.99346876, 0.9381756, 0.99539304, 0.98975706, 0.95546097, 0.9991122, 0.97827643, 0.88965815
'AIBL/8844.flair_flair_orig.nii.gz', 0.99917966, 0.9727604, 0.97884446, 0.6197417, 0.95831484, 0.97507226, 0.9560879, 0.9823417, 0.98943055, 0.994856, 0.98898554, 0.99945694, 0.97939, 0.9911124, 0.9925672, 0.973524, 0.9997341, 0.9944905, 0.9983084, 0.9905806
'AIBL/8844.t1_t1_orig.nii.gz', 0.9517785, 0.9975551, 0.8371807, 0.9459629, 0.97085124, 0.8726764, 0.9819434, 0.998086, 0.98867714, 0.9966574, 0.987333, 0.9791875, 0.9986714, 0.99119776, 0.99623305, 0.9898337, 0.9472732, 0.96082217, 0.7775865, 0.9121286
'AIBL/8863.flair_flair_orig.nii.gz', 0.99024385, 0.56613314, 0.8931666, 0.9459495, 0.9989767, 0.98371303, 0.91961485, 0.9832302, 0.9186403, 0.99681807, 0.98013914, 0.96626264, 0.9998229, 0.9967114, 0.81621426, 0.8947525, 0.77100056, 0.9711884, 0.8789576, 0.963217
'AIBL/8863.t1_t1_orig.nii.gz', 0.8995913, 0.17561784, 0.3542366, 0.56879365, 0.06863573, 0.8831709, 0.71981084, 0.96693087, 0.9982309, 0.6970389, 0.9922949, 0.099489756, 0.47906917, 0.6779748, 0.7842267, 0.8903591, 0.5778013, 0.3886939, 0.59043163, 0.32968718
'AIBL/9148.flair_flair_orig.nii.gz', 0.94301796, 0.81376505, 0.96909374, 0.9817986, 0.99197173, 0.9628043, 0.99607795, 0.9547488, 0.99824715, 0.99519074, 0.90985703, 0.99127394, 0.8992288, 0.99066216, 0.91349864, 0.9123999, 0.9607994, 0.97765964, 0.91139996, 0.9923476
'AIBL/9148.t1_t1_orig.nii.gz', 0.7767221, 0.9304767, 0.9040864, 0.9889333, 0.9980325, 0.99972564, 0.7585816, 0.9559517, 0.90308446, 0.36631915, 0.792301, 0.9967673, 0.8756929, 0.96929437, 0.9735594, 0.9685639, 0.9998832, 0.99923265, 0.999863, 0.97985315
'AIBL/9181.flair_flair_orig.nii.gz', 0.84664744, 0.7885506, 0.6854072, 0.8951112, 0.91374755, 0.9081786, 0.8333752, 0.96838826, 0.93921256, 0.9959836, 0.94618034, 0.99916875, 0.9985833, 0.7819025, 0.91221374, 0.9976082, 0.78051156, 0.96888787, 0.9357104, 0.55389017
'AIBL/9181.t1_t1_orig.nii.gz', 0.9978517, 0.9165644, 0.6359377, 0.9700753, 0.80883795, 0.90430516, 0.7371348, 0.3142935, 0.77940047, 0.998787, 0.9147513, 0.9979394, 0.68510747, 0.17115355, 0.66828626, 0.9982767, 0.04727681, 0.525718, 0.39433724, 0.97749376
'AIBL/9413.flair_flair_orig.nii.gz', 0.2866416, 0.85017735, 0.8261966, 0.24218053, 0.35957465, 0.37070128, 0.035281107, 0.7417426, 0.655988, 0.9802941, 0.090995885, 0.2664058, 0.3044608, 0.55382115, 0.028718341, 0.13588007, 0.29293308, 0.60474324, 0.78856736, 0.62856716
'AIBL/9413.t1_t1_orig.nii.gz', 0.848137, 0.41793907, 0.79606116, 0.80515724, 0.77225, 0.7959576, 0.99929976, 0.93395185, 0.6650831, 0.08936588, 0.92533666, 0.807637, 0.9622134, 0.9106046, 0.78717536, 0.9985499, 0.617118, 0.9820613, 0.9977558, 0.5125239
'AIBL/9576.flair_flair_orig.nii.gz', 0.9959403, 0.93232167, 0.99464697, 0.6754835, 0.8087596, 0.8761779, 0.98835516, 0.9895773, 0.9789859, 0.98783934, 0.89835304, 0.81307024, 0.9858484, 0.97711825, 0.8002355, 0.8467051, 0.9489878, 0.9986999, 0.9289784, 0.9989681
'AIBL/9576.t1_t1_orig.nii.gz', 0.56825596, 0.81998444, 0.9464071, 0.69913703, 0.0003927572, 0.122154824, 0.9068923, 0.0053535975, 0.40120277, 0.8598388, 0.278437, 0.043969315, 0.5060607, 0.4427098, 0.27052975, 0.00020450496, 0.38644508, 0.9905253, 0.96306986, 0.111160755
'AIBL/9648.flair_flair_orig.nii.gz', 0.8977321, 0.2481349, 0.42791328, 0.9894343, 0.041140262, 0.9651319, 0.2617768, 0.032106496, 0.91720915, 0.879767, 0.79238564, 0.75011545, 0.10223075, 0.9600334, 0.34599832, 0.87534887, 0.96620417, 0.47919148, 0.04278728, 0.98625505
'AIBL/9648.t1_t1_orig.nii.gz', 0.022970498, 0.0014632792, 0.19636798, 0.9709317, 0.09392744, 0.4030959, 0.2643786, 0.8594744, 0.44147396, 0.010737994, 0.3772989, 0.00024443874, 0.013732739, 0.0157762, 0.058388002, 0.030705918, 0.6173087, 0.18408486, 0.27277407, 0.7565002
'AIBL/9670.flair_flair_orig.nii.gz', 0.9236872, 0.99558926, 0.99611545, 0.977509, 0.9976655, 0.97584426, 0.9396287, 0.9957943, 0.96640086, 0.9860626, 0.9973219, 0.981888, 0.99777454, 0.98808914, 0.9966138, 0.97525376, 0.9950884, 0.99258065, 0.9735584, 0.99817693
'AIBL/9670.t1_t1_orig.nii.gz', 0.99343264, 0.85464597, 0.69446427, 0.9256306, 0.71470344, 0.48377535, 0.9282633, 0.6154418, 0.94896483, 0.89464694, 0.9733602, 0.90687793, 0.99870527, 0.99796414, 0.8300459, 0.99478346, 0.4037975, 0.86104363, 0.16601278, 0.9111752
'AIBL/9724.flair_flair_orig.nii.gz', 0.99944156, 0.58631825, 0.994605, 0.21076795, 0.9013317, 0.9729268, 0.9339817, 0.9981627, 0.9837457, 0.95563465, 0.9925719, 0.994453, 0.38209802, 0.98553383, 0.4467617, 0.9955688, 0.9818017, 0.89807254, 0.95326704, 0.95407206
'AIBL/9724.t1_t1_orig.nii.gz', 0.9946226, 0.94892734, 0.94334745, 0.86783224, 0.9091172, 0.9422635, 0.86632967, 0.93854266, 0.93375546, 0.95704633, 0.9152649, 0.7361799, 0.99062425, 0.9964546, 0.97463644, 0.96554035, 0.8892469, 0.9988807, 0.9882111, 0.9391259
'AIBL/9733.flair_flair_orig.nii.gz', 0.4396647, 0.8442305, 0.589413, 0.99336845, 0.86241156, 0.934653, 0.8523433, 0.5268071, 0.8262276, 0.98822546, 0.20486982, 0.8377197, 0.985443, 0.97411186, 0.85881966, 0.5608405, 0.9928671, 0.5532584, 0.06227557, 0.9416829
'AIBL/9733.t1_t1_orig.nii.gz', 0.92085624, 0.5289801, 0.59082764, 0.9068597, 0.6944846, 0.99530506, 0.99054456, 0.9570813, 0.32502857, 0.97205126, 0.8974714, 0.18668354, 0.9929053, 0.2692142, 0.8739671, 0.8016909, 0.8957491, 0.029542448, 0.72771764, 0.52879417
'AIBL/9916.t1_t1_orig.nii.gz', 0.21288675, 0.0003859006, 0.17882183, 0.9241771, 0.26569077, 0.24215212, 0.9889198, 0.4842791, 1.5725966e-05, 0.0022361118, 0.75099605, 0.3268404, 0.99208075, 0.012313899, 0.9981573, 0.41279212, 0.061589606, 0.0004578121, 0.9411094, 0.090391055
'AIBL/9988.flair_flair_orig.nii.gz', 0.99629337, 0.9823924, 0.8967311, 0.99644095, 0.8984443, 0.91659224, 0.9901226, 0.9900067, 0.15481463, 0.62910223, 0.9969535, 0.9665509, 0.9942374, 0.9984085, 0.95331264, 0.99728906, 0.97746605, 0.99942577, 0.9784627, 0.530567
'AIBL/9988.t1_t1_orig.nii.gz', 0.97535264, 0.84050786, 1.043163e-07, 0.02798192, 1.9244007e-05, 0.0020078765, 0.004680012, 0.017887104, 0.024585295, 0.5631379, 0.0008907171, 0.029130083, 0.0010543404, 0.00014343196, 0.0013696905, 0.5097082, 2.7208696e-05, 0.004748372, 0.00073500106, 0.00010573876
